{"sizeOfTrainingInputs": "55000", "epochAccuracy": {"acc": [65.01212120056152, 82.84242153167725, 86.38787865638733, 88.22828531265259, 89.31515216827393], "val_acc": [84.63637232780457, 88.43637108802795, 90.47273397445679, 91.09091758728027, 91.98182225227356], "label": [1, 2, 3, 4, 5]}, "trainEpochs": "5", "trainingTime": 17243.89999999758, "modelName": "aineTest", "epochLoss": {"loss": [145.75668573379517, 75.92260241508484, 54.08623218536377, 44.659075140953064, 39.85303044319153], "val_loss": [87.39616274833679, 53.01862359046936, 40.00679552555084, 34.125855565071106, 30.98301887512207], "label": [1, 2, 3, 4, 5]}, "batchSize": 1000, "testAccuracy": 90.57000279426575, "validationSplit": 0.1}