{"sizeOfTrainingInputs": "3000", "epochAccuracy": {"acc": [51.66666507720947, 77.70833373069763, 48.70833456516266, 78.16666960716248, 48.79166781902313, 76.8333375453949], "val_acc": [67.5000011920929, 74.33333396911621, 67.00000166893005, 74.83333349227905, 64.16667103767395, 73.16666841506958], "label": [1, 2, 1, 2, 1, 2]}, "trainEpochs": "2", "trainingTime": 3442.5999999984633, "modelName": "aine", "epochLoss": {"loss": [179.89962100982666, 122.34998941421509, 180.75275421142578, 123.25576543807983, 182.8872561454773, 124.95609521865845], "val_loss": [150.45020580291748, 116.1858081817627, 151.4535427093506, 116.25736951828003, 154.24288511276245, 117.92073249816895], "label": [1, 2, 1, 2, 1, 2]}, "batchSize": 100, "testAccuracy": 77.53000259399414, "validationSplit": 0.2}