{"sizeOfTrainingInputs": "55000", "epochAccuracy": {"acc": [33.47475230693817, 65.47676920890808, 73.97575974464417, 77.35555768013, 79.64849472045898, 81.32122159004211, 82.66465663909912, 83.77576470375061, 84.62626934051514, 85.42020916938782], "val_acc": [61.74545884132385, 75.18181800842285, 80.5818259716034, 83.23636054992676, 85.36364436149597, 86.58182621002197, 87.36364245414734, 88.21820020675659, 88.58182430267334, 89.18182253837585], "label": [1, 2, 3, 4, 5, 6, 7, 8, 9, 10]}, "trainEpochs": "10", "trainingTime": 14912.499999998545, "modelName": "aineTest", "epochLoss": {"loss": [206.99326992034912, 159.2568278312683, 132.06008672714233, 112.6726746559143, 98.06366562843323, 86.74177527427673, 77.79643535614014, 70.61801552772522, 64.82771635055542, 60.080450773239136], "val_loss": [171.1508870124817, 137.12002038955688, 113.75983953475952, 96.56302332878113, 83.39859247207642, 73.21709394454956, 65.19227027893066, 58.74949097633362, 53.626781702041626, 49.40146505832672], "label": [1, 2, 3, 4, 5, 6, 7, 8, 9, 10]}, "batchSize": 5000, "testAccuracy": 87.50000596046448, "validationSplit": 0.1}