{"sizeOfTrainingInputs": "5000", "epochAccuracy": {"acc": [33.73333513736725, 65.11111259460449, 74.19999837875366, 78.00000309944153, 79.86666560173035, 82.15555548667908, 83.02222490310669, 84.37777757644653, 85.35555601119995, 86.15555763244629], "val_acc": [58.000004291534424, 74.39999580383301, 80.20000457763672, 82.60000348091125, 84.20000672340393, 84.00000929832458, 84.40000414848328, 85.40000319480896, 87.00000643730164, 87.00000643730164], "label": [1, 2, 3, 4, 5, 6, 7, 8, 9, 10]}, "trainEpochs": "10", "trainingTime": 9878.300000000309, "modelName": "aineTest", "epochLoss": {"loss": [206.27412796020508, 156.8716287612915, 129.24374341964722, 109.52816009521484, 94.77089047431946, 83.88973474502563, 75.17837882041931, 68.33547949790955, 62.87100911140442, 58.40228199958801], "val_loss": [171.0658311843872, 136.80508136749268, 112.97377347946167, 95.45535445213318, 83.10639262199402, 73.5986590385437, 65.71870446205139, 60.079485177993774, 55.13395667076111, 51.855677366256714], "label": [1, 2, 3, 4, 5, 6, 7, 8, 9, 10]}, "batchSize": 400, "testAccuracy": 86.47000193595886, "validationSplit": 0.1}