{"sizeOfTrainingInputs": "5000", "epochAccuracy": {"acc": [39.73333537578583, 64.20000195503235, 73.0222225189209], "val_acc": [73.40000867843628, 84.6000075340271, 84.20001268386841], "label": [1, 2, 3]}, "trainEpochs": "3", "trainingTime": 16499.59999999919, "training_name": "x1_3", "epochLoss": {"loss": [188.91369104385376, 123.94415140151978, 93.79301071166992], "val_loss": [127.72917747497559, 77.85242795944214, 62.124621868133545], "label": [1, 2, 3]}, "batchSize": 500, "testAccuracy": 81.78000450134277, "validationSplit": 0.1}