{"mostParameters": {}, "numOfTrain": 35, "allAveragesAccuracies": ["91.67", "90.00", 78.36481458865677, 78.83945118497917, 79.31054245148384, 79.78707562232839, 80.18483986457187, 80.55726453181235, 80.89985018596052, 81.2386426961783, 80.39774062002405, 78.81717315741946], "bestModel": {}, "numOfDesigns": 25, "averageAccuracy": 78.81717315741946, "leastParameters": {}, "allAccuracies": ["91.67", "89.91", "78.42", "91.18", "92.03", "93.13", "91.72", "91.73", "91.52", "92.08", "52.65", "25.08"], "bestAccuracy": "93.13"}