{"sizeOfTrainingInputs": "5000", "epochAccuracy": {"acc": [35.88888943195343, 55.222225189208984, 61.97777986526489, 65.46666622161865, 68.24444532394409, 70.75555920600891, 71.93333506584167, 73.31111431121826, 73.71110916137695, 74.26666617393494, 74.77777600288391, 75.31111240386963, 76.28889083862305], "val_acc": [54.80000376701355, 64.40000534057617, 68.20000410079956, 71.40000462532043, 74.40000176429749, 75.20000338554382, 75.60000419616699, 77.20000147819519, 76.79999470710754, 79.00000214576721, 78.60000133514404, 80.20000457763672, 80.80000281333923], "label": [1, 2, 3, 4, 5, 6, 7, 8, 9, 10, 11, 12, 13]}, "trainEpochs": "15", "trainingTime": 37903.559999998775, "training_name": "colortest_2", "epochLoss": {"loss": [189.33258056640625, 144.10959482192993, 116.07182025909424, 102.27736234664917, 94.90312337875366, 90.79594016075134, 88.23960423469543, 86.08197569847107, 83.87271761894226, 82.87875652313232, 81.30817413330078, 81.02812170982361, 78.78149747848511], "val_loss": [160.11966466903687, 120.89861631393433, 99.17395114898682, 88.02736401557922, 81.63141012191772, 77.86844968795776, 75.39050579071045, 73.33172559738159, 71.96352481842041, 70.17595767974854, 69.29808855056763, 68.32617521286011, 67.33008623123169], "label": [1, 2, 3, 4, 5, 6, 7, 8, 9, 10, 11, 12, 13]}, "batchSize": 100, "testAccuracy": 66.97819232940674, "validationSplit": "10"}