{"sizeOfTrainingInputs": "2000", "epochAccuracy": {"acc": [47.333335876464844, 65.61111211776733], "val_acc": [62.5, 65.49999713897705], "label": [1, 2]}, "trainEpochs": "2", "trainingTime": 16230.289999999513, "training_name": "color_1", "epochLoss": {"loss": [164.08370733261108, 110.35765409469604], "val_loss": [130.89271783828735, 100.92426538467407], "label": [1, 2]}, "batchSize": 20, "testAccuracy": 57.94392228126526, "validationSplit": "10"}