{"sizeOfTrainingInputs": "5000", "epochAccuracy": {"acc": [44.377776980400085, 61.577779054641724, 68.04444789886475, 71.7555582523346, 73.33333492279053, 74.44444298744202, 75.42222142219543, 76.37777924537659, 76.06666684150696, 77.33333706855774], "val_acc": [59.400004148483276, 69.80000138282776, 75.20000338554382, 75.80000162124634, 76.5999972820282, 75.60000419616699, 75.00000596046448, 78.00000309944153, 79.6000063419342, 79.40000295639038], "label": [1, 2, 3, 4, 5, 6, 7, 8, 9, 10]}, "trainEpochs": "10", "trainingTime": 33575.31499999823, "training_name": "color_2", "epochLoss": {"loss": [177.9577136039734, 122.32000827789307, 98.50570559501648, 90.4392659664154, 87.00359463691711, 84.72203016281128, 82.39584565162659, 80.86890578269958, 79.53601479530334, 78.18182110786438], "val_loss": [140.30452966690063, 99.34491515159607, 84.29738879203796, 78.55452299118042, 74.46809411048889, 73.52479100227356, 71.44224047660828, 70.02763748168945, 68.18161010742188, 67.55788922309875], "label": [1, 2, 3, 4, 5, 6, 7, 8, 9, 10]}, "batchSize": 100, "testAccuracy": 67.28971600532532, "validationSplit": "10"}