{"sizeOfTrainingInputs": 4999, "epochAccuracy": {"acc": [35.20782291889191, 54.81218099594116], "val_acc": [53.4000039100647, 62.20000386238098], "label": [1, 2]}, "trainEpochs": "15", "trainingTime": 6708.974999997736, "training_name": "colortest_1", "epochLoss": {"loss": [189.48779106140137, 145.20134925842285], "val_loss": [160.94417572021484, 122.7286696434021], "label": [1, 2]}, "batchSize": 100, "testAccuracy": 52.492207288742065, "validationSplit": "10"}