{"sizeOfTrainingInputs": "5000", "epochAccuracy": {"acc": [55.68888783454895, 69.15555596351624, 73.31111431121826, 75.08888840675354, 76.1555552482605, 76.1555552482605], "val_acc": [70.20000219345093, 78.20000648498535, 75.80000162124634, 77.20000147819519, 77.80000567436218, 78.60000133514404], "label": [1, 2, 3, 4, 5, 6]}, "trainEpochs": "6", "trainingTime": 20809.21500000113, "training_name": "colorDemo_1", "epochLoss": {"loss": [140.5096173286438, 93.86370778083801, 85.55669784545898, 82.13613629341125, 79.27550077438354, 77.08536386489868], "val_loss": [95.01044154167175, 79.12595868110657, 74.67262148857117, 69.80494260787964, 66.81814193725586, 67.05237030982971], "label": [1, 2, 3, 4, 5, 6]}, "batchSize": 100, "testAccuracy": 66.51090383529663, "validationSplit": "10"}