{"sizeOfTrainingInputs": "5000", "epochAccuracy": {"acc": [34.46666598320007, 44.48888599872589, 51.5333354473114, 58.06666612625122, 61.22222542762756, 65.17778038978577, 66.33333563804626, 68.4000015258789, 70.46666741371155, 71.51111364364624], "val_acc": [45.19999623298645, 45.39999961853027, 60.600000619888306, 63.200002908706665, 67.40000247955322, 66.40000343322754, 72.40000367164612, 69.20000314712524, 76.2000024318695, 70.6000030040741], "label": [1, 2, 3, 4, 5, 6, 7, 8, 9, 10]}, "trainEpochs": "10", "trainingTime": 10963.070000001608, "training_name": "color_3", "epochLoss": {"loss": [205.58102130889893, 179.76326942443848, 158.03872346878052, 138.75741958618164, 123.2959508895874, 111.22699975967407, 103.20082902908325, 97.6513147354126, 93.56034398078918, 90.89915752410889], "val_loss": [189.74063396453857, 165.25894403457642, 143.6923623085022, 125.50089359283447, 110.69365739822388, 100.84617137908936, 92.55378842353821, 88.05723190307617, 84.79065895080566, 83.49490761756897], "label": [1, 2, 3, 4, 5, 6, 7, 8, 9, 10]}, "batchSize": 400, "testAccuracy": 61.214953660964966, "validationSplit": "10"}