{"sizeOfTrainingInputs": 4999, "epochAccuracy": {"acc": [43.89864504337311, 61.92486882209778, 68.50411295890808, 71.21582627296448, 72.79395461082458, 74.43876266479492, 74.81662631034851, 76.63925290107727], "val_acc": [58.20000171661377, 71.8000054359436, 73.4000027179718, 72.80000448226929, 77.80000567436218, 77.80000567436218, 78.00000309944153, 77.20000147819519], "label": [1, 2, 3, 4, 5, 6, 7, 8]}, "trainEpochs": "10", "trainingTime": 23986.98499999955, "training_name": "color_4", "epochLoss": {"loss": [177.09671258926392, 120.2447772026062, 97.47155904769897, 89.75486159324646, 86.29473447799683, 83.98386240005493, 81.8280816078186, 79.88275289535522], "val_loss": [137.94734477996826, 98.82274270057678, 83.15985798835754, 78.18183898925781, 74.27265048027039, 72.49287962913513, 70.78667879104614, 70.55160403251648], "label": [1, 2, 3, 4, 5, 6, 7, 8]}, "batchSize": 100, "testAccuracy": 66.04360938072205, "validationSplit": "10"}