{"sizeOfTrainingInputs": "40000", "epochAccuracy": {"acc": [77.66764760017395, 91.43823981285095, 94.42058801651001, 95.89117765426636, 96.78235650062561], "val_acc": [86.78333163261414, 92.83333420753479, 94.90000009536743, 95.86666822433472, 95.98333239555359], "label": [1, 2, 3, 4, 5]}, "trainEpochs": "5", "trainingTime": 217088.27499998733, "training_name": "ConvDemo_3", "epochLoss": {"loss": [75.9110152721405, 28.352367877960205, 18.467283248901367, 13.467176258563995, 10.626429319381714], "val_loss": [42.11733341217041, 23.630180954933167, 17.817364633083344, 13.840669393539429, 13.231699168682098], "label": [1, 2, 3, 4, 5]}, "batchSize": 300, "testAccuracy": 96.46000266075134, "validationSplit": 0.15}