{"sizeOfTrainingInputs": "3000", "epochAccuracy": {"acc": [33.222219347953796, 59.7777783870697], "val_acc": [47.333329916000366, 68.00000667572021], "label": [1, 2]}, "trainEpochs": "2", "trainingTime": 10496.290000010049, "training_name": "ConvDemo_2", "epochLoss": {"loss": [211.059832572937, 160.85022687911987], "val_loss": [184.13615226745605, 132.85601139068604], "label": [1, 2]}, "batchSize": 400, "testAccuracy": 70.55000066757202, "validationSplit": 0.1}