{"sizeOfTrainingInputs": "44000", "epochAccuracy": {"acc": [78.67329716682434, 92.18465685844421, 94.90908980369568, 96.23863697052002, 97.0284104347229, 97.5454568862915, 97.9090929031372, 98.07670712471008], "val_acc": [89.49999809265137, 92.63636469841003, 95.65908908843994, 96.40909433364868, 95.92045545578003, 96.80681824684143, 97.05681800842285, 96.64772748947144], "label": [1, 2, 3, 4, 5, 6, 7, 8]}, "trainEpochs": "8", "trainingTime": 377912.01, "training_name": "ConvDemo_4", "epochLoss": {"loss": [73.64190220832825, 26.07550323009491, 16.78970158100128, 12.421021610498428, 9.783384948968887, 8.077513426542282, 6.944206357002258, 6.191487982869148], "val_loss": [34.12031531333923, 23.792894184589386, 13.927504420280457, 11.497336626052856, 12.961438298225403, 10.500006377696991, 9.77795124053955, 10.645173490047455], "label": [1, 2, 3, 4, 5, 6, 7, 8]}, "batchSize": 300, "testAccuracy": 97.5100040435791, "validationSplit": 0.2}