{"sizeOfTrainingInputs": "40000", "epochAccuracy": {"acc": [33.900001645088196, 40.95882475376129, 43.700000643730164, 50.35882592201233, 49.6588259935379, 49.644118547439575], "val_acc": [39.69999849796295, 41.31666719913483, 51.15000009536743, 50.36666393280029, 50, 49.816665053367615], "label": [1, 2, 3, 4, 5, 6]}, "trainEpochs": "6", "trainingTime": 374720.88999999687, "training_name": "Conv_1", "epochLoss": {"loss": [217.03407764434814, 200.4843235015869, 189.27513360977173, 178.24409008026123, 167.65412092208862, 157.75882005691528], "val_loss": [206.3831329345703, 194.90240812301636, 183.46322774887085, 172.42566347122192, 162.29490041732788, 152.87891626358032], "label": [1, 2, 3, 4, 5, 6]}, "batchSize": 400, "testAccuracy": 49.92000162601471, "validationSplit": 0.15}