{"sizeOfTrainingInputs": "30000", "epochAccuracy": {"acc": [78.11111211776733, 89.41110968589783, 91.53704047203064, 92.8703784942627, 93.68148446083069], "val_acc": [87.20000982284546, 90.33334255218506, 91.86667203903198, 92.36667156219482, 93.9666748046875], "label": [1, 2, 3, 4, 5]}, "trainEpochs": "5", "trainingTime": 90399.38500000024, "training_name": "demo2_1", "epochLoss": {"loss": [99.24371242523193, 39.17840123176575, 29.581108689308167, 24.772901833057404, 21.804796159267426], "val_loss": [48.774367570877075, 32.23775923252106, 26.96298360824585, 25.64830780029297, 21.08902633190155], "label": [1, 2, 3, 4, 5]}, "batchSize": 500, "testAccuracy": 94.30000185966492, "validationSplit": 0.1}