{"sizeOfTrainingInputs": "30000", "epochAccuracy": {"acc": [83.53332877159119, 91.68148040771484, 93.30740571022034, 94.4444477558136, 95.38518786430359, 96.0111141204834, 96.61851525306702, 96.99258804321289, 97.40369915962219, 97.74444699287415], "val_acc": [90.46667218208313, 92.50000715255737, 93.80000829696655, 94.53334212303162, 95.16667127609253, 95.53333520889282, 95.76667547225952, 96.06667160987854, 95.8666741847992, 95.66667675971985], "label": [1, 2, 3, 4, 5, 6, 7, 8, 9, 10]}, "trainEpochs": "10", "trainingTime": 55938.465000000084, "training_name": "demo1_1", "epochLoss": {"loss": [62.42550015449524, 29.979121685028076, 23.365959525108337, 19.37592327594757, 16.414429247379303, 13.914605975151062, 12.15202584862709, 10.661818832159042, 9.38652753829956, 8.214947581291199], "val_loss": [33.74667465686798, 25.03424882888794, 20.927724242210388, 18.92649680376053, 16.783036291599274, 15.078933537006378, 13.857367634773254, 13.459008932113647, 13.282017409801483, 13.18017989397049], "label": [1, 2, 3, 4, 5, 6, 7, 8, 9, 10]}, "batchSize": 500, "testAccuracy": 96.50000333786011, "validationSplit": 0.1}