{"sizeOfTrainingInputs": "30000", "epochAccuracy": {"acc": [80.67036867141724, 90.7703697681427], "val_acc": [89.59999680519104, 92.26666688919067], "label": [1, 2]}, "trainEpochs": "3", "trainingTime": 40698.889999999665, "training_name": "demo_1", "epochLoss": {"loss": [86.38800978660583, 32.4622243642807], "val_loss": [38.25299143791199, 26.973524689674377], "label": [1, 2]}, "batchSize": 300, "testAccuracy": 92.85000562667847, "validationSplit": 0.1}