{"sizeOfTrainingInputs": "30000", "epochAccuracy": {"acc": [76.98518633842468, 88.4185254573822, 90.97408056259155, 92.42592453956604, 93.65185499191284], "val_acc": [88.86667490005493, 93.09999942779541, 93.56667399406433, 94.83333826065063, 95.0333297252655], "label": [1, 2, 3, 4, 5]}, "trainEpochs": "5", "trainingTime": 36827.075000000186, "training_name": "DenseDemo_8", "epochLoss": {"loss": [76.27508044242859, 38.314664363861084, 29.59926426410675, 24.902208149433136, 21.22006118297577], "val_loss": [36.99374496936798, 23.71453493833542, 20.649653673171997, 16.963769495487213, 16.06035828590393], "label": [1, 2, 3, 4, 5]}, "batchSize": 500, "testAccuracy": 95.14000415802002, "validationSplit": 0.1}