{"sizeOfTrainingInputs": "55000", "epochAccuracy": {"acc": [79.50681447982788, 90.01590609550476, 92.4477219581604, 93.59545111656189, 94.56590414047241, 95.19772529602051, 95.53863406181335, 96.06817960739136], "val_acc": [90.92727303504944, 94.64545249938965, 94.96363401412964, 95.745450258255, 96.20909094810486, 96.88181281089783, 97.04545140266418, 97.0909059047699], "label": [1, 2, 3, 4, 5, 6, 7, 8]}, "trainEpochs": "8", "trainingTime": 97666.6600000026, "training_name": "DenseDemo_4", "epochLoss": {"loss": [67.60109663009644, 33.019429445266724, 25.11012554168701, 20.64814865589142, 17.719562351703644, 15.71877896785736, 14.239390194416046, 12.633082270622253], "val_loss": [30.629730224609375, 19.12531852722168, 17.041189968585968, 13.972893357276917, 12.320370972156525, 10.307170450687408, 9.373964369297028, 9.382475912570953], "label": [1, 2, 3, 4, 5, 6, 7, 8]}, "batchSize": 600, "testAccuracy": 97.14000225067139, "validationSplit": 0.2}