{"sizeOfTrainingInputs": "55000", "epochAccuracy": {"acc": [82.76577591896057, 91.44171476364136], "val_acc": [93.47878694534302, 95.4424262046814], "label": [1, 2]}, "trainEpochs": "2", "trainingTime": 30020.329999999376, "training_name": "DenseDemo_1", "epochLoss": {"loss": [56.91854953765869, 28.136184811592102], "val_loss": [22.23091721534729, 15.89517891407013], "label": [1, 2]}, "batchSize": 400, "testAccuracy": 94.52000260353088, "validationSplit": 0.15}