{"sizeOfTrainingInputs": "30000", "epochAccuracy": {"acc": [77.19259262084961, 88.2888913154602, 90.93332886695862, 92.45925545692444, 93.68518590927124], "val_acc": [90.56666493415833, 92.53333806991577, 94.16667222976685, 94.3000078201294, 95.2000081539154], "label": [1, 2, 3, 4, 5]}, "trainEpochs": "5", "trainingTime": 38335.924999999406, "training_name": "DenseDemo_7", "epochLoss": {"loss": [75.6881833076477, 38.32583427429199, 29.93442714214325, 25.17833411693573, 21.291784942150116], "val_loss": [33.86974632740021, 24.777668714523315, 19.712917506694794, 18.34837794303894, 14.973245561122894], "label": [1, 2, 3, 4, 5]}, "batchSize": 500, "testAccuracy": 95.89000344276428, "validationSplit": 0.1}