{"sizeOfTrainingInputs": "30000", "epochAccuracy": {"acc": [77.28148102760315, 88.50370049476624, 90.9777820110321, 92.46666431427002, 93.40000748634338], "val_acc": [88.7666642665863, 93.03333759307861, 93.93333792686462, 94.63334083557129, 95.2000081539154], "label": [1, 2, 3, 4, 5]}, "trainEpochs": "5", "trainingTime": 36953.79500000039, "training_name": "DenseDemo_9", "epochLoss": {"loss": [75.91561675071716, 38.21752965450287, 29.848411679267883, 24.566209316253662, 21.48286998271942], "val_loss": [38.68502080440521, 23.974832892417908, 19.68700885772705, 17.39799976348877, 14.94460254907608], "label": [1, 2, 3, 4, 5]}, "batchSize": 500, "testAccuracy": 95.44000625610352, "validationSplit": 0.1}