{"sizeOfTrainingInputs": "2000", "epochAccuracy": {"acc": [34.05555784702301, 61.27777695655823, 75.05555748939514, 74.8888909816742], "val_acc": [59.99999642372131, 65.99999666213989, 73.49998950958252, 73.499995470047], "label": [1, 2, 3, 4]}, "trainEpochs": "4", "trainingTime": 3554.7999999980675, "training_name": "DenseDemo_2", "epochLoss": {"loss": [204.48291301727295, 138.34903240203857, 98.95707368850708, 83.2733154296875], "val_loss": [151.03628635406494, 119.19867992401123, 93.48132014274597, 82.92392492294312], "label": [1, 2, 3, 4]}, "batchSize": 600, "testAccuracy": 78.14000248908997, "validationSplit": 0.1}