{"sizeOfTrainingInputs": "40000", "epochAccuracy": {"acc": [79.56944704055786, 90.06944298744202, 92.11666584014893, 93.64723563194275, 94.44722533226013, 95.1750099658966, 95.4500138759613, 96.03334665298462, 96.27223610877991, 96.54444456100464], "val_acc": [90.70001244544983, 91.97500348091125, 94.225013256073, 94.80001330375671, 95.10000348091125, 95.92500925064087, 96.45001292228699, 96.15001082420349, 96.90001010894775, 96.90000414848328], "label": [1, 2, 3, 4, 5, 6, 7, 8, 9, 10]}, "trainEpochs": "10", "trainingTime": 108084.74500000011, "training_name": "DenseDemo_3", "epochLoss": {"loss": [67.24481582641602, 33.56013894081116, 25.44882595539093, 20.985372364521027, 18.10719221830368, 15.7255619764328, 14.324942231178284, 12.831434607505798, 11.819828301668167, 10.675012320280075], "val_loss": [30.831417441368103, 25.2512127161026, 18.901996314525604, 16.092823445796967, 14.25815224647522, 13.218063116073608, 12.020336091518402, 11.976910382509232, 10.581175982952118, 10.257598757743835], "label": [1, 2, 3, 4, 5, 6, 7, 8, 9, 10]}, "batchSize": 500, "testAccuracy": 97.50000238418579, "validationSplit": 0.1}