{"sizeOfTrainingInputs": "40000", "epochAccuracy": {"acc": [79.88055348396301, 90.12500047683716, 92.20834374427795], "val_acc": [90.00000953674316, 92.87500977516174, 94.3000078201294], "label": [1, 2, 3]}, "trainEpochs": "12", "trainingTime": 30823.294999994687, "training_name": "DenseDemo_5", "epochLoss": {"loss": [67.41490960121155, 33.28387439250946, 25.784164667129517], "val_loss": [32.683172821998596, 23.08177798986435, 19.080175459384918], "label": [1, 2, 3]}, "batchSize": 500, "testAccuracy": 95.11000514030457, "validationSplit": 0.1}