{"sizeOfTrainingInputs": "40000", "epochAccuracy": {"acc": [79.52777743339539, 89.7861123085022, 92.12499856948853, 93.61112117767334, 94.43612098693848, 95.26945352554321], "val_acc": [90.22500514984131, 92.87500977516174, 94.00001168251038, 95.2000081539154, 94.70000863075256, 96.15001082420349], "label": [1, 2, 3, 4, 5, 6]}, "trainEpochs": "10", "trainingTime": 59606.5099999978, "training_name": "DenseDemo_6", "epochLoss": {"loss": [67.78481602668762, 33.64684581756592, 25.587329268455505, 21.067406237125397, 18.05286407470703, 15.592008829116821], "val_loss": [33.32584500312805, 24.21496957540512, 19.527719914913177, 16.04601889848709, 16.587889194488525, 12.601345777511597], "label": [1, 2, 3, 4, 5, 6]}, "batchSize": 500, "testAccuracy": 96.76000475883484, "validationSplit": 0.1}