{"sizeOfTrainingInputs": "30000", "epochAccuracy": {"acc": [67.39999651908875, 84.07777547836304, 87.26295828819275, 88.73333930969238, 89.71481919288635, 90.15185236930847, 90.58519005775452, 90.94814658164978, 91.13333225250244, 91.45926237106323], "val_acc": [81.53334259986877, 86.10000610351562, 87.93333768844604, 88.86667490005493, 89.60000872612, 90.33334255218506, 90.49999713897705, 90.76666831970215, 90.76666831970215, 91.00000858306885], "label": [1, 2, 3, 4, 5, 6, 7, 8, 9, 10]}, "trainEpochs": "15", "trainingTime": 29466.365000000224, "training_name": "overfitting_8", "epochLoss": {"loss": [135.78137159347534, 72.02497124671936, 52.37577557563782, 43.866947293281555, 39.350056648254395, 36.60955727100372, 34.799206256866455, 33.429691195487976, 32.4213981628418, 31.58476948738098], "val_loss": [90.4946506023407, 59.145599603652954, 47.0269650220871, 41.274088621139526, 38.104259967803955, 36.05014681816101, 34.52853560447693, 33.45774710178375, 32.67776370048523, 31.98855221271515], "label": [1, 2, 3, 4, 5, 6, 7, 8, 9, 10]}, "batchSize": 500, "testAccuracy": 0, "validationSplit": 0.1}