{"sizeOfTrainingInputs": "44000", "epochAccuracy": {"acc": [71.52405977249146, 85.96256375312805, 88.46523761749268, 89.64706659317017, 90.2887761592865, 90.77005982398987, 91.08022451400757, 91.31016135215759], "val_acc": [83.92424583435059, 87.06061244010925, 88.98485898971558, 89.66667652130127, 90.25758504867554, 90.72728157043457, 90.74243307113647, 90.8333420753479], "label": [1, 2, 3, 4, 5, 6, 7, 8]}, "trainEpochs": "8", "trainingTime": 34751.7050000024, "training_name": "overfitting_4", "epochLoss": {"loss": [121.50379419326782, 59.306371212005615, 44.43097710609436, 38.63329589366913, 35.6033593416214, 33.712783455848694, 32.42190778255463, 31.456106901168823], "val_loss": [73.19324016571045, 48.89695942401886, 41.018542647361755, 37.320518493652344, 35.411906242370605, 34.10268425941467, 33.21217596530914, 32.550713419914246], "label": [1, 2, 3, 4, 5, 6, 7, 8]}, "batchSize": 500, "testAccuracy": 91.7400062084198, "validationSplit": 0.15}