{"sizeOfTrainingInputs": "30000", "epochAccuracy": {"acc": [67.38147735595703, 84.02592539787292, 87.22963333129883, 88.7333333492279, 89.58889245986938, 90.14814496040344, 90.60000777244568, 90.80370664596558, 91.22592210769653, 91.36297106742859], "val_acc": [81.30000829696655, 85.86666584014893, 87.50000596046448, 88.76667618751526, 89.49999809265137, 89.96667265892029, 90.43333530426025, 90.8666729927063, 90.9666657447815, 90.80000519752502], "label": [1, 2, 3, 4, 5, 6, 7, 8, 9, 10]}, "trainEpochs": "15", "trainingTime": 29018.03000000096, "training_name": "overfitting_10", "epochLoss": {"loss": [136.2695574760437, 72.17701077461243, 52.48408317565918, 44.056180119514465, 39.5532101392746, 36.80255711078644, 34.905239939689636, 33.57006311416626, 32.53609240055084, 31.672239303588867], "val_loss": [90.9569501876831, 59.37768220901489, 47.36262857913971, 41.49852693080902, 38.45960199832916, 36.187779903411865, 34.662288427352905, 33.471134305000305, 32.6812744140625, 32.28327035903931], "label": [1, 2, 3, 4, 5, 6, 7, 8, 9, 10]}, "batchSize": 500, "testAccuracy": 91.66000485420227, "validationSplit": 0.1}