{"sizeOfTrainingInputs": "30000", "epochAccuracy": {"acc": [67.35925674438477, 83.9555561542511, 87.31851577758789, 88.61110806465149, 89.5703673362732, 90.20370841026306, 90.65925478935242, 90.8814787864685, 91.15555882453918, 91.34445190429688, 91.57778024673462, 91.78147912025452, 91.87037348747253, 91.90370440483093, 92.02592968940735], "val_acc": [81.66666626930237, 86.1666738986969, 87.7333402633667, 89.06667232513428, 89.76667523384094, 90.10000824928284, 90.39999842643738, 90.76666831970215, 90.89999794960022, 91.06667637825012, 91.03333950042725, 91.23334288597107, 91.10000729560852, 91.26667380332947, 91.36667251586914], "label": [1, 2, 3, 4, 5, 6, 7, 8, 9, 10, 11, 12, 13, 14, 15]}, "trainEpochs": "15", "trainingTime": 47850.14500000398, "training_name": "overfitting_1", "epochLoss": {"loss": [136.20189428329468, 72.06557989120483, 52.32473611831665, 43.90840530395508, 39.374637603759766, 36.64633929729462, 34.79484021663666, 33.46472680568695, 32.44863152503967, 31.655237078666687, 30.994650721549988, 30.405640602111816, 29.91470992565155, 29.525795578956604, 29.159024357795715], "val_loss": [90.75880646705627, 59.22527313232422, 47.1883624792099, 41.23949408531189, 38.03035020828247, 36.07926666736603, 34.59034860134125, 33.43069553375244, 32.66698718070984, 32.08631873130798, 31.605902314186096, 31.146210432052612, 30.785194039344788, 30.351388454437256, 30.211320519447327], "label": [1, 2, 3, 4, 5, 6, 7, 8, 9, 10, 11, 12, 13, 14, 15]}, "batchSize": 500, "testAccuracy": 92.00000166893005, "validationSplit": 0.1}