{"sizeOfTrainingInputs": "30000", "epochAccuracy": {"acc": [66.45098328590393, 83.63137245178223, 87.09803819656372, 88.56079578399658, 89.57256078720093, 90.1411771774292, 90.58823585510254, 90.94118475914001], "val_acc": [79.5555591583252, 84.97777581214905, 86.75556182861328, 88.11111450195312, 88.80000710487366, 89.26666975021362, 89.60000872612, 89.84444737434387], "label": [1, 2, 3, 4, 5, 6, 7, 8]}, "trainEpochs": "15", "trainingTime": 21527.959999999963, "training_name": "overfitting_5", "epochLoss": {"loss": [139.17981386184692, 74.54752922058105, 53.887295722961426, 44.79776918888092, 39.957380294799805, 36.99886202812195, 34.95921790599823, 33.57345759868622], "val_loss": [97.2173810005188, 64.35557007789612, 51.47654414176941, 45.118772983551025, 41.68640375137329, 39.400070905685425, 37.741199135780334, 36.68873608112335], "label": [1, 2, 3, 4, 5, 6, 7, 8]}, "batchSize": 500, "testAccuracy": 91.36000275611877, "validationSplit": 0.15}