{"sizeOfTrainingInputs": "30000", "epochAccuracy": {"acc": [67.52963066101074, 83.85185599327087, 87.20371127128601, 88.73703479766846, 89.7074043750763], "val_acc": [81.56667351722717, 86.03333234786987, 87.80000805854797, 89.03334140777588, 89.73333835601807], "label": [1, 2, 3, 4, 5]}, "trainEpochs": "5", "trainingTime": 13769.135000000242, "training_name": "overfitting_7", "epochLoss": {"loss": [136.40655279159546, 72.32078909873962, 52.52629518508911, 43.90564560890198, 39.41085934638977], "val_loss": [90.94483256340027, 59.53007936477661, 47.127965092659, 41.40705168247223, 38.03237974643707], "label": [1, 2, 3, 4, 5]}, "batchSize": 500, "testAccuracy": 90.75000286102295, "validationSplit": 0.1}