{"sizeOfTrainingInputs": "30000", "epochAccuracy": {"acc": [66.97254776954651, 83.70196223258972, 87.06666827201843, 88.6313796043396, 89.61961269378662, 90.11765718460083, 90.59607982635498, 90.9921646118164, 91.20392203330994, 91.46275520324707], "val_acc": [80.4888904094696, 85.00000238418579, 87.15555667877197, 88.13334107398987, 88.71111273765564, 89.22222256660461, 89.3777847290039, 89.84445333480835, 89.8888885974884, 90.15555381774902], "label": [1, 2, 3, 4, 5, 6, 7, 8, 9, 10]}, "trainEpochs": "15", "trainingTime": 27519.119999997318, "training_name": "overfitting_3", "epochLoss": {"loss": [138.12187910079956, 74.31330680847168, 53.6876916885376, 44.664466381073, 39.812684059143066, 36.861440539360046, 34.89959537982941, 33.49136412143707, 32.40109086036682, 31.552326679229736], "val_loss": [96.54507637023926, 64.14579749107361, 51.1785089969635, 45.01883685588837, 41.495293378829956, 39.28219974040985, 37.78431713581085, 36.58992946147919, 35.950636863708496, 35.01950800418854], "label": [1, 2, 3, 4, 5, 6, 7, 8, 9, 10]}, "batchSize": 500, "testAccuracy": 91.4400041103363, "validationSplit": 0.15}