{"sizeOfTrainingInputs": "30000", "epochAccuracy": {"acc": [67.30740666389465, 83.97408127784729, 87.18888759613037, 88.77777457237244, 89.55186009407043, 90.14444351196289, 90.55925607681274, 90.92592597007751, 91.13333225250244, 91.38147830963135, 91.58889651298523], "val_acc": [81.36667609214783, 86.06666326522827, 87.63332962989807, 89.13334012031555, 89.6333396434784, 90.13333916664124, 90.46666622161865, 90.70000648498535, 90.89999794960022, 90.96667170524597, 90.89999794960022], "label": [1, 2, 3, 4, 5, 6, 7, 8, 9, 10, 11]}, "trainEpochs": "15", "trainingTime": 33342.805000000284, "training_name": "overfitting_9", "epochLoss": {"loss": [136.80875301361084, 72.61719107627869, 52.70234942436218, 44.07172203063965, 39.48749899864197, 36.730894446372986, 34.84844267368317, 33.50584805011749, 32.47552514076233, 31.657323241233826, 30.988606810569763], "val_loss": [91.29533767700195, 59.390586614608765, 47.40954041481018, 41.389524936676025, 38.054096698760986, 36.18102669715881, 34.58753228187561, 33.57891142368317, 32.78270959854126, 32.085973024368286, 31.581392884254456], "label": [1, 2, 3, 4, 5, 6, 7, 8, 9, 10, 11]}, "batchSize": 500, "testAccuracy": 91.73000454902649, "validationSplit": 0.1}