{"sizeOfTrainingInputs": "3000", "epochAccuracy": {"acc": [31.254902482032776, 56.784313917160034, 65.45097827911377, 70.1568603515625, 73.88235926628113, 76.94118022918701, 78.86274456977844, 79.76470589637756, 80.74509501457214, 82.43137001991272, 83.1372618675232, 84.19607877731323, 84.78431105613708, 85.0588321685791, 85.9215795993805], "val_acc": [50, 59.55555438995361, 64.22222256660461, 68.22222471237183, 71.33334279060364, 72.88889288902283, 73.77777695655823, 74.6666669845581, 76.22222900390625, 78.2222330570221, 79.7777771949768, 80.66666722297668, 80.22222518920898, 81.55555725097656, 81.33333921432495], "label": [1, 2, 3, 4, 5, 6, 7, 8, 9, 10, 11, 12, 13, 14, 15]}, "trainEpochs": "15", "trainingTime": 7026.110000005923, "training_name": "overfitting_2", "epochLoss": {"loss": [211.81764602661133, 175.7856845855713, 155.64497709274292, 140.54986238479614, 127.97547578811646, 117.06405878067017, 108.00800323486328, 99.92871880531311, 92.97583103179932, 86.95387840270996, 81.75543546676636, 76.94457173347473, 72.72071242332458, 68.92253160476685, 65.6477153301239], "val_loss": [187.3836874961853, 166.0226821899414, 151.72253847122192, 137.98285722732544, 127.57161855697632, 118.67061853408813, 110.78236103057861, 104.25500869750977, 98.24274778366089, 93.3013916015625, 88.02639245986938, 84.3548059463501, 80.62220215797424, 76.79270505905151, 74.285888671875], "label": [1, 2, 3, 4, 5, 6, 7, 8, 9, 10, 11, 12, 13, 14, 15]}, "batchSize": 500, "testAccuracy": 83.63000154495239, "validationSplit": 0.15}