{"sizeOfTrainingInputs": "30000", "epochAccuracy": {"acc": [67.7481472492218, 83.92592668533325, 87.24074363708496, 88.84815573692322, 89.63704109191895], "val_acc": [81.73334002494812, 86.33334040641785, 87.80000805854797, 89.13333415985107, 89.80000615119934], "label": [1, 2, 3, 4, 5]}, "trainEpochs": "5", "trainingTime": 13592.245000000112, "training_name": "overfitting_6", "epochLoss": {"loss": [135.84657907485962, 72.13984727859497, 52.336615324020386, 43.842220306396484, 39.40093219280243], "val_loss": [90.74654579162598, 59.121108055114746, 47.14793264865875, 41.273242235183716, 37.92853653430939], "label": [1, 2, 3, 4, 5]}, "batchSize": 500, "testAccuracy": 90.76000452041626, "validationSplit": 0.1}