{"sizeOfTrainingInputs": "4000", "epochAccuracy": {"acc": [28.111112117767334, 46.05555534362793, 47.083333134651184, 46.11111283302307, 45.527780055999756, 46.69444561004639, 46.666666865348816, 48.44444692134857, 49.58333373069763, 50.74999928474426], "val_acc": [41.49999916553497, 44.49999928474426, 42.9999977350235, 43.25000047683716, 43.2500034570694, 43.99999976158142, 45.249998569488525, 46.75000011920929, 47.49999940395355, 50.24999976158142], "label": [1, 2, 3, 4, 5, 6, 7, 8, 9, 10]}, "trainEpochs": "10", "trainingTime": 14468.94500000053, "training_name": "q1_1", "epochLoss": {"loss": [214.67421054840088, 204.86407279968262, 196.83736562728882, 189.782452583313, 183.6887001991272, 178.2514452934265, 173.2825517654419, 168.5503363609314, 163.91191482543945, 159.29635763168335], "val_loss": [210.12532711029053, 202.43394374847412, 195.61750888824463, 189.6798014640808, 184.52138900756836, 179.64510917663574, 174.98046159744263, 170.42465209960938, 165.9159541130066, 161.39402389526367], "label": [1, 2, 3, 4, 5, 6, 7, 8, 9, 10]}, "batchSize": 300, "testAccuracy": 46.88473343849182, "validationSplit": "10"}