{"mostParameters": {}, "numOfTrain": 35, "allAveragesAccuracies": [94.52000260353088, 86.33000254631042, 73.72000217437744, 72.92750179767609, 77.84200191497803, 80.94500203927358, 83.2585734980447, 81.16511479020119, 77.69343554973602, 79.67509239912033, 81.07826628468253, 82.38507782419522, 83.12468735071329, 83.81935294185367, 83.80672951539357, 84.2838091775775, 84.72240900292115, 85.37671979930666, 85.84636622353604, 86.12204805016518, 86.58718878314609, 86.97595311836763, 87.14047709236975, 87.48629080752532, 87.61683928966522, 84.24696085544733, 84.52411062187619, 84.7789639873164, 83.47226638218453, 82.62132157882054, 82.1267536570949, 81.47325990721583, 81.00569473974633, 80.16706275589326, 79.79023788656507], "bestModel": {}, "numOfDesigns": 28, "averageAccuracy": 79.79023788656507, "leastParameters": {}, "allAccuracies": ["94.52", "78.14", "48.50", "70.55", "97.50", "96.46", "97.14", "66.51", "49.92", "97.51", "95.11", "96.76", "92.00", "92.85", "83.63", "91.44", "91.74", "96.50", "94.30", "91.36", "95.89", "95.14", "90.76", "95.44", "90.75", "0.00", "91.73", "91.66", "46.88", "57.94", "67.29", "61.21", "66.04", "52.49", "66.98"], "bestAccuracy": "97.51"}