{"sizeOfTrainingInputs": "1000", "epochAccuracy": {"acc": [37.33333349227905, 43.33333373069763, 45.33333480358124, 49.22221899032593, 50.88889002799988, 53.77777814865112, 54.333335161209106, 57.33333230018616, 57.33333230018616, 58.888888359069824], "val_acc": [51.99999809265137, 47.999995946884155, 53.999996185302734, 51.99999809265137, 58.99999737739563, 59.99999642372131, 62.99999952316284, 62.00000047683716, 63.999998569488525, 63.999998569488525], "label": [1, 2, 3, 4, 5, 6, 7, 8, 9, 10]}, "trainEpochs": "10", "trainingTime": 8635.110000002896, "training_name": "colorTest_1", "epochLoss": {"loss": [207.6949119567871, 192.64625310897827, 181.92126750946045, 172.898530960083, 165.0949478149414, 157.56124258041382, 150.60635805130005, 144.37940120697021, 138.57320547103882, 132.97730684280396], "val_loss": [192.68724918365479, 178.3894419670105, 165.59804677963257, 155.24665117263794, 145.893657207489, 136.62461042404175, 129.90885972976685, 121.35297060012817, 115.42290449142456, 108.40219259262085], "label": [1, 2, 3, 4, 5, 6, 7, 8, 9, 10]}, "batchSize": 100, "testAccuracy": 51.24610662460327, "validationSplit": "10"}