{"sizeOfTrainingInputs": "10000", "epochAccuracy": {"acc": [63.25555443763733, 85.30000448226929, 89.4777774810791, 91.18888974189758], "val_acc": [72.20000624656677, 81.50001764297485, 85.10000109672546, 87.10001111030579], "label": [1, 2, 3, 4]}, "trainEpochs": "4", "trainingTime": 44973.1399999946, "training_name": "demo_1", "epochLoss": {"loss": [126.26296281814575, 51.051050424575806, 37.425705790519714, 30.20424246788025], "val_loss": [81.17229342460632, 56.1059832572937, 46.128323674201965, 38.591986894607544], "label": [1, 2, 3, 4]}, "batchSize": 500, "testAccuracy": 92.23000407218933, "validationSplit": 0.1}