{"sizeOfTrainingInputs": "10000", "epochAccuracy": {"acc": [66.28888845443726, 85.13333201408386, 89.03334140777588, 91.1333441734314], "val_acc": [71.00000381469727, 79.10001277923584, 81.60001039505005, 89.10000324249268], "label": [1, 2, 3, 4]}, "trainEpochs": "4", "trainingTime": 44276.98500000406, "training_name": "demo_2", "epochLoss": {"loss": [121.8096137046814, 51.711100339889526, 37.474098801612854, 30.537283420562744], "val_loss": [85.40592193603516, 59.044450521469116, 52.29107737541199, 36.36654317378998], "label": [1, 2, 3, 4]}, "batchSize": 500, "testAccuracy": 92.79000163078308, "validationSplit": 0.1}