{"sizeOfTrainingInputs": "40000", "epochAccuracy": {"acc": [26.605555415153503, 31.341665983200073, 39.87500071525574, 47.59722352027893, 65.62222242355347, 75.45000314712524, 80.51666617393494, 83.69166851043701, 89.3999993801117, 92.06111431121826], "val_acc": [31.675001978874207, 30.000001192092896, 41.200003027915955, 52.775001525878906, 73.95000457763672, 79.50000166893005, 82.55000114440918, 86.12500429153442, 91.65000319480896, 91.85000658035278], "label": [1, 2, 3, 4, 5, 6, 7, 8, 9, 10]}, "trainEpochs": "10", "trainingTime": 96422.78499999884, "training_name": "hellossss_1", "epochLoss": {"loss": [190.26246070861816, 152.69347429275513, 133.7845802307129, 114.24447298049927, 90.18521308898926, 67.91109442710876, 55.873215198516846, 47.700053453445435, 37.72231042385101, 28.651586174964905], "val_loss": [157.5467348098755, 149.8748540878296, 121.59879207611084, 103.44119071960449, 75.65907835960388, 60.402560234069824, 56.203800439834595, 45.278480648994446, 32.32288956642151, 31.28340244293213], "label": [1, 2, 3, 4, 5, 6, 7, 8, 9, 10]}, "batchSize": 300, "testAccuracy": 92.60000586509705, "validationSplit": 0.1}