{"sizeOfTrainingInputs": "30000", "epochAccuracy": {"acc": [75.84444284439087, 87.98518180847168, 89.73333239555359, 90.54073691368103, 91.16296172142029], "val_acc": [86.56666278839111, 88.99999856948853, 89.89999890327454, 90.46666622161865, 90.70000052452087], "label": [1, 2, 3, 4, 5]}, "trainEpochs": "5", "trainingTime": 43188.49999998929, "training_name": "liam_3", "epochLoss": {"loss": [102.55987644195557, 47.51867353916168, 38.466742634773254, 34.85993444919586, 32.82876908779144], "val_loss": [58.249855041503906, 41.494837403297424, 36.39351427555084, 33.80740582942963, 32.46300518512726], "label": [1, 2, 3, 4, 5]}, "batchSize": 200, "testAccuracy": 91.41000509262085, "validationSplit": 0.1}