{"sizeOfTrainingInputs": "4000", "epochAccuracy": {"acc": [25.333333015441895, 59.388887882232666, 72.36111164093018, 76.9444465637207, 79.58333492279053, 81.27778172492981, 82.44444727897644, 83.75000357627869, 84.83333587646484, 85.44444441795349], "val_acc": [44.2499965429306, 66.24999642372131, 68.75, 71.74999713897705, 73.499995470047, 75.49999952316284, 75.75000524520874, 77.49999761581421, 77.24999785423279, 78.24999690055847], "label": [1, 2, 3, 4, 5, 6, 7, 8, 9, 10]}, "trainEpochs": "10", "trainingTime": 7199.099999968894, "training_name": "liam_1", "epochLoss": {"loss": [209.13395881652832, 166.3367509841919, 140.83871841430664, 122.00946807861328, 107.38035440444946, 95.61370015144348, 86.18732690811157, 78.43344807624817, 72.0487892627716, 66.59209728240967], "val_loss": [184.41730737686157, 156.41961097717285, 137.11984157562256, 123.08492660522461, 111.93176507949829, 103.02200317382812, 95.72258591651917, 90.152907371521, 86.2515926361084, 81.47134780883789], "label": [1, 2, 3, 4, 5, 6, 7, 8, 9, 10]}, "batchSize": 400, "testAccuracy": 84.78000164031982, "validationSplit": 0.1}