{"sizeOfTrainingInputs": "50000", "epochAccuracy": {"acc": [74.58444237709045, 87.57111430168152, 89.48667049407959, 90.31111001968384, 90.82888960838318, 91.12222194671631, 91.40000343322754, 91.60444736480713, 91.69111251831055, 91.88666939735413], "val_acc": [85.40000319480896, 88.56000304222107, 89.62000608444214, 89.98000621795654, 90.420001745224, 90.76000452041626, 91.00000262260437, 91.02000594139099, 91.06000661849976, 91.2000060081482], "label": [1, 2, 3, 4, 5, 6, 7, 8, 9, 10]}, "trainEpochs": "10", "trainingTime": 68038.30000001471, "training_name": "liam_2", "epochLoss": {"loss": [107.22980499267578, 48.831358551979065, 38.91551196575165, 35.109615325927734, 33.04617702960968, 31.757375597953796, 30.82440495491028, 30.137017369270325, 29.602399468421936, 29.15792465209961], "val_loss": [58.83486270904541, 42.26669669151306, 37.59508430957794, 35.504090785980225, 34.14767384529114, 33.29145312309265, 32.62521028518677, 32.206061482429504, 31.944158673286438, 31.557810306549072], "label": [1, 2, 3, 4, 5, 6, 7, 8, 9, 10]}, "batchSize": 400, "testAccuracy": 92.34000444412231, "validationSplit": 0.1}