{"sizeOfTrainingInputs": "30000", "epochAccuracy": {"acc": [68.09629201889038, 85.20370125770569, 87.8074049949646], "val_acc": [82.43333101272583, 86.90000176429749, 88.86666297912598], "label": [1, 2, 3]}, "trainEpochs": "3", "trainingTime": 11114.599999971688, "training_name": "liam_5", "epochLoss": {"loss": [132.17557668685913, 64.9526834487915, 47.770312428474426], "val_loss": [83.27251076698303, 53.81050705909729, 43.8476026058197], "label": [1, 2, 3]}, "batchSize": 400, "testAccuracy": 89.6600067615509, "validationSplit": 0.1}