{"sizeOfTrainingInputs": "40000", "epochAccuracy": {"acc": [69.10277605056763, 85.73055863380432, 88.24166655540466, 89.45556282997131, 90.20277857780457, 90.66111445426941, 90.96944332122803, 91.26667976379395, 91.37778878211975, 91.55555367469788, 91.64167046546936, 91.78611040115356, 91.93612337112427, 91.95833206176758, 92.09166765213013, 92.1416699886322, 92.21112132072449, 92.24444627761841, 92.30278730392456, 92.34445691108704, 92.45278835296631, 92.42779016494751, 92.48612523078918, 92.4833357334137, 92.62222051620483, 92.6916778087616, 92.65555739402771, 92.67223477363586, 92.71667003631592, 92.68333315849304], "val_acc": [82.17500448226929, 86.57500147819519, 88.15000653266907, 89.3250048160553, 89.50001001358032, 90.00000953674316, 90.25000929832458, 90.35000801086426, 90.35000801086426, 90.500009059906, 90.55001139640808, 90.72501063346863, 90.57500958442688, 90.8250093460083, 91.00000858306885, 90.92500805854797, 91.02501273155212, 91.05001091957092, 91.100013256073, 91.07500910758972, 91.00000858306885, 91.1500096321106, 91.07500910758972, 91.07500910758972, 91.1750078201294, 90.92500805854797, 91.27501249313354, 90.95001220703125, 91.30001068115234, 91.20001196861267], "label": [1, 2, 3, 4, 5, 6, 7, 8, 9, 10, 11, 12, 13, 14, 15, 16, 17, 18, 19, 20, 21, 22, 23, 24, 25, 26, 27, 28, 29, 30]}, "trainEpochs": "30", "trainingTime": 184105.99999997066, "training_name": "liam_6", "epochLoss": {"loss": [127.63153314590454, 61.41589879989624, 45.52136957645416, 39.29153084754944, 35.997068881988525, 33.966901898384094, 32.63210356235504, 31.594595313072205, 30.833423137664795, 30.20496964454651, 29.666253924369812, 29.2344331741333, 28.858104348182678, 28.512591123580933, 28.228405117988586, 27.95047163963318, 27.73333489894867, 27.518004179000854, 27.32977867126465, 27.138441801071167, 26.983478665351868, 26.82439386844635, 26.656970381736755, 26.52944028377533, 26.400241255760193, 26.27963423728943, 26.163250207901, 26.05798840522766, 25.949054956436157, 25.85475742816925], "val_loss": [80.63321709632874, 53.28442454338074, 44.0435528755188, 39.670851826667786, 37.70173788070679, 35.91768145561218, 34.9747896194458, 34.2449814081192, 33.580002188682556, 33.163782954216, 32.70846903324127, 32.70770609378815, 32.204872369766235, 32.00738728046417, 31.808802485466003, 31.70304000377655, 31.54260218143463, 31.448453664779663, 31.385469436645508, 31.36260211467743, 31.27579689025879, 31.10255002975464, 31.304579973220825, 31.06207549571991, 30.990496277809143, 31.065267324447632, 30.90350329875946, 31.110793352127075, 30.882641673088074, 31.110170483589172], "label": [1, 2, 3, 4, 5, 6, 7, 8, 9, 10, 11, 12, 13, 14, 15, 16, 17, 18, 19, 20, 21, 22, 23, 24, 25, 26, 27, 28, 29, 30]}, "batchSize": 500, "testAccuracy": 92.6300048828125, "validationSplit": 0.1}