{"sizeOfTrainingInputs": "50000", "epochAccuracy": {"acc": [72.40222096443176, 86.65555715560913, 88.89777660369873, 90.02445340156555], "val_acc": [84.28001403808594, 87.8200113773346, 89.28000330924988, 89.680016040802], "label": [1, 2, 3, 4]}, "trainEpochs": "4", "trainingTime": 19596.100000024308, "training_name": "liam_4", "epochLoss": {"loss": [116.68148040771484, 54.26695942878723, 41.595399379730225, 36.8543416261673], "val_loss": [66.59412384033203, 45.45328915119171, 39.42563533782959, 36.672937870025635], "label": [1, 2, 3, 4]}, "batchSize": 500, "testAccuracy": 91.2000060081482, "validationSplit": 0.1}