{"sizeOfTrainingInputs": "4000", "epochAccuracy": {"acc": [52.75000333786011, 76.30555629730225, 82.02778100967407], "val_acc": [63.749998807907104, 76.99999809265137, 79.49999570846558], "label": [1, 2, 3]}, "trainEpochs": "3", "trainingTime": 15570.699999996694, "training_name": "testmodel_1", "epochLoss": {"loss": [160.944664478302, 83.93331170082092, 59.007543325424194], "val_loss": [125.24800300598145, 76.52899026870728, 69.40714716911316], "label": [1, 2, 3]}, "batchSize": 500, "testAccuracy": 85.27000546455383, "validationSplit": 0.1}