{"sizeOfTrainingInputs": "30000", "epochAccuracy": {"acc": [73.06666970252991, 91.82745218276978, 95.20392417907715], "val_acc": [88.88888955116272, 93.93333196640015, 94.8888897895813], "label": [1, 2, 3]}, "trainEpochs": "3", "trainingTime": 179451.49500000116, "training_name": "conv_2", "epochLoss": {"loss": [89.31233882904053, 27.25280523300171, 15.758973360061646], "val_loss": [38.53304982185364, 20.168769359588623, 17.651884257793427], "label": [1, 2, 3]}, "batchSize": 600, "testAccuracy": 95.59000730514526, "validationSplit": 0.15}