{"sizeOfTrainingInputs": "40000", "epochAccuracy": {"acc": [91.11388921737671, 97.76389002799988], "val_acc": [95.70000171661377, 97.97500371932983], "label": [1, 2]}, "trainEpochs": "2", "trainingTime": 155215.52999998676, "training_name": "conv_1", "epochLoss": {"loss": [28.842255473136902, 7.135163992643356], "val_loss": [13.244687020778656, 6.807466596364975], "label": [1, 2]}, "batchSize": 128, "testAccuracy": 98.47000241279602, "validationSplit": 0.1}