{"sizeOfTrainingInputs": "10000", "epochAccuracy": {"acc": [27.24444568157196, 62.977784872055054, 73.7666666507721, 75.66667795181274], "val_acc": [51.70000195503235, 66.90000891685486, 66.60000681877136, 73.20001721382141], "label": [1, 2, 3, 4]}, "trainEpochs": "4", "trainingTime": 8315.56499999715, "training_name": "liamA_3", "epochLoss": {"loss": [222.33872413635254, 174.00866746902466, 148.37298393249512, 130.6398630142212], "val_loss": [189.7039771080017, 161.4016890525818, 145.53147554397583, 130.72528839111328], "label": [1, 2, 3, 4]}, "batchSize": 3000, "testAccuracy": 80.17000555992126, "validationSplit": 0.1}