{"sizeOfTrainingInputs": "100", "epochAccuracy": {"acc": [13.333334028720856, 26.66666805744171, 55.55555820465088, 72.22222685813904, 73.333340883255, 85.55555939674377, 78.8888931274414, 91.11112356185913, 82.22222328186035, 90.00000357627869], "val_acc": [10.000000149011612, 40.00000059604645, 50, 60.00000238418579, 80.0000011920929, 69.9999988079071, 80.0000011920929, 80.0000011920929, 80.0000011920929, 80.0000011920929], "label": [1, 2, 3, 4, 5, 6, 7, 8, 9, 10]}, "trainEpochs": "10", "trainingTime": 2877.2200000094017, "training_name": "liamA_2", "epochLoss": {"loss": [243.43864917755127, 216.19505882263184, 184.44533348083496, 167.79712438583374, 153.55031490325928, 141.66476726531982, 131.357741355896, 122.48761653900146, 114.65694904327393, 107.38226175308228], "val_loss": [252.57937908172607, 200.0171661376953, 183.74589681625366, 171.7641830444336, 157.49768018722534, 148.92033338546753, 140.63926935195923, 133.18451642990112, 125.26571750640869, 122.23484516143799], "label": [1, 2, 3, 4, 5, 6, 7, 8, 9, 10]}, "batchSize": 500, "testAccuracy": 62.090003490448, "validationSplit": 0.1}