{"sizeOfTrainingInputs": "30000", "epochAccuracy": {"acc": [78.09629440307617, 87.96296119689941, 89.87407088279724, 90.71481227874756], "val_acc": [86.56666278839111, 88.69999647140503, 89.63333368301392, 89.96666669845581], "label": [1, 2, 3, 4]}, "trainEpochs": "4", "trainingTime": 36566.640000004554, "training_name": "liamA_1", "epochLoss": {"loss": [94.64767575263977, 44.780513644218445, 36.4542156457901, 32.84817636013031], "val_loss": [54.203999042510986, 39.987537264823914, 34.27813947200775, 32.80870020389557], "label": [1, 2, 3, 4]}, "batchSize": 400, "testAccuracy": 90.71000218391418, "validationSplit": 0.1}