{"sizeOfTrainingInputs": "20000", "epochAccuracy": {"acc": [48.27222228050232, 74.97223019599915, 79.87778186798096], "val_acc": [69.10000443458557, 77.10001468658447, 80.40000200271606], "label": [1, 2, 3]}, "trainEpochs": "3", "trainingTime": 3645.069999998668, "training_name": "testA_1", "epochLoss": {"loss": [183.3988904953003, 127.55755186080933, 98.80297183990479], "val_loss": [147.18772172927856, 111.22649908065796, 89.1602098941803], "label": [1, 2, 3]}, "batchSize": 1000, "testAccuracy": 82.40000605583191, "validationSplit": 0.1}