{"sizeOfTrainingInputs": "40000", "epochAccuracy": {"acc": [73.0833351612091, 86.58611178398132, 88.88333439826965], "val_acc": [83.35000276565552, 87.02499866485596, 88.80000710487366], "label": [1, 2, 3]}, "trainEpochs": "5", "trainingTime": 14804.260000000344, "training_name": "ainy_1", "epochLoss": {"loss": [117.07040071487427, 54.5724093914032, 41.98332726955414], "val_loss": [71.21476531028748, 48.846057057380676, 41.54386222362518], "label": [1, 2, 3]}, "batchSize": 400, "testAccuracy": 90.41000604629517, "validationSplit": 0.1}