{"sizeOfTrainingInputs": "10000", "epochAccuracy": {"acc": [59.46666598320007, 80.02222180366516, 86.05555891990662, 88.46666812896729], "val_acc": [66.30000472068787, 79.40001487731934, 81.70000910758972, 82.40001797676086], "label": [1, 2, 3, 4]}, "trainEpochs": "4", "trainingTime": 75366.50000000012, "training_name": "cathal_1", "epochLoss": {"loss": [141.92407131195068, 61.23313903808594, 44.66142654418945, 37.88006007671356], "val_loss": [105.99974393844604, 63.319116830825806, 56.68091177940369, 51.675158739089966], "label": [1, 2, 3, 4]}, "batchSize": 500, "testAccuracy": 89.28000330924988, "validationSplit": 0.1}