{"sizeOfTrainingInputs": "5000", "epochAccuracy": {"acc": [34.140002727508545, 56.700003147125244, 63.360005617141724, 68.02000403404236, 70.3000009059906, 72.12000489234924, 73.32000136375427, 74.60000514984131, 75.00000596046448, 75.50000548362732], "val_acc": [0.9, 0.9, 0.9, 0.9, 0.9, 0.9, 0.9, 0.9, 0.9, 0.9], "label": [1, 2, 3, 4, 5, 6, 7, 8, 9, 10]}, "trainEpochs": "10", "trainingTime": 68870.80000000424, "training_name": "color_1", "epochLoss": {"loss": [185.4238510131836, 136.21469736099243, 107.18178749084473, 95.33112049102783, 90.88004231452942, 87.59889006614685, 85.22102236747742, 83.71253609657288, 81.93278908729553, 81.16682767868042], "val_loss": [ 0.9, 0.8, 0.8, 0.8, 0.8, 0.8, 0.8, 0.8, 0.8, 0.8], "label": [1, 2, 3, 4, 5, 6, 7, 8, 9, 10]}, "batchSize": 50, "testAccuracy": 50, "validationSplit": "10"}