{"sizeOfTrainingInputs": "5000", "epochAccuracy": {"acc": [39.444443583488464, 59.599995613098145, 66.95555448532104, 71.13333344459534, 72.26666212081909, 73.53333234786987, 75, 75.3333330154419, 76.35555863380432, 77.13333368301392], "val_acc": [58.799999952316284, 66.40000343322754, 74.20000433921814, 76.40000581741333, 77.20000147819519, 78.20000052452087, 79.3999969959259, 77.39999890327454, 79.40000295639038, 79.79999780654907], "label": [1, 2, 3, 4, 5, 6, 7, 8, 9, 10]}, "trainEpochs": "10", "trainingTime": 138677.99999998533, "training_name": "color_3", "epochLoss": {"loss": [178.22163105010986, 122.59024381637573, 99.07404780387878, 91.2351131439209, 87.5080943107605, 85.1178765296936, 82.73836970329285, 81.84208869934082, 80.03327250480652, 79.21790480613708], "val_loss": [138.8565182685852, 98.93538355827332, 84.16942358016968, 77.76274681091309, 74.80892539024353, 72.8795051574707, 70.24998068809509, 69.87610459327698, 67.98660159111023, 67.80340075492859], "label": [1, 2, 3, 4, 5, 6, 7, 8, 9, 10]}, "batchSize": 30, "testAccuracy": 50, "validationSplit": "10"}