{"sizeOfTrainingInputs": "5000", "epochAccuracy": {"acc": [18.022222816944122, 29.311111569404602, 29.288887977600098, 31.133335828781128, 35.733333230018616, 39.91111218929291, 44.333332777023315, 48.66666793823242, 51.02222561836243, 54.666668176651], "val_acc": [33.20000469684601, 30.800002813339233, 31.600001454353333, 35.600000619888306, 39.600005745887756, 45.00000774860382, 50.20000338554382, 53.200000524520874, 58.40001106262207, 58.80001187324524], "label": [1, 2, 3, 4, 5, 6, 7, 8, 9, 10]}, "trainEpochs": "10", "trainingTime": 7274.599999999744, "training_name": "color_5", "epochLoss": {"loss": [214.46256637573242, 204.1916847229004, 196.44416570663452, 189.95425701141357, 183.33362340927124, 176.8356442451477, 170.3934907913208, 163.93014192581177, 157.13343620300293, 150.56099891662598], "val_loss": [206.98425769805908, 198.1051802635193, 190.7787322998047, 183.8733673095703, 176.99964046478271, 170.09373903274536, 163.0327343940735, 155.95093965530396, 149.05407428741455, 142.336905002594], "label": [1, 2, 3, 4, 5, 6, 7, 8, 9, 10]}, "batchSize": 500, "testAccuracy": 47.35202193260193, "validationSplit": "10"}