{"sizeOfTrainingInputs": "5000", "epochAccuracy": {"acc": [27.622222900390625, 42.06666648387909, 54.22222018241882, 58.93333554267883, 63.75555396080017, 66.60000085830688, 68.66666674613953, 71.17778062820435, 71.93333506584167, 72.84444570541382, 73.15555810928345, 73.91111254692078, 74.42222237586975, 74.57777857780457, 75.06666779518127], "val_acc": [36.60000264644623, 51.99999809265137, 60.600000619888306, 65.20000100135803, 67.80000329017639, 70.00000476837158, 73.20000529289246, 74.40000176429749, 74.60000514984131, 75.80000162124634, 77.20000147819519, 78.60000133514404, 77.20000147819519, 80.0000011920929, 78.20000648498535], "label": [1, 2, 3, 4, 5, 6, 7, 8, 9, 10, 11, 12, 13, 14, 15]}, "trainEpochs": "15", "trainingTime": 55264.899999980116, "training_name": "color_4", "epochLoss": {"loss": [200.46908855438232, 171.3889479637146, 146.57002687454224, 124.73393678665161, 109.82050895690918, 101.07767581939697, 95.95962762832642, 91.84079766273499, 89.49744701385498, 87.70936131477356, 86.62717938423157, 85.13663411140442, 83.58973860740662, 83.39678645133972, 82.89259076118469], "val_loss": [182.44961500167847, 154.54531908035278, 129.0276050567627, 109.70453023910522, 96.91242575645447, 89.81591463088989, 83.92502069473267, 79.9148678779602, 77.53768563270569, 75.89325904846191, 75.24508237838745, 72.90796041488647, 71.67248129844666, 70.83958387374878, 70.64862847328186], "label": [1, 2, 3, 4, 5, 6, 7, 8, 9, 10, 11, 12, 13, 14, 15]}, "batchSize": 100, "testAccuracy": 66.82242751121521, "validationSplit": "10"}