{"sizeOfTrainingInputs": "5000", "epochAccuracy": {"acc": [23.577778041362762, 29.311111569404602, 34.06666815280914, 40.28888940811157, 47.80000150203705, 53.066664934158325, 55.844444036483765, 57.911109924316406, 59.20000076293945, 61.266666650772095, 62.37778067588806, 63.48888874053955, 66.26666784286499, 67.48889088630676, 68.80000233650208], "val_acc": [30.800002813339233, 32.600000500679016, 39.000001549720764, 47.40000367164612, 54.00000214576721, 57.200002670288086, 61.000001430511475, 61.60000562667847, 63.7999951839447, 64.60000276565552, 65.39999842643738, 68.00000071525574, 69.80000138282776, 71.00000381469727, 71.8000054359436], "label": [1, 2, 3, 4, 5, 6, 7, 8, 9, 10, 11, 12, 13, 14, 15]}, "trainEpochs": "15", "trainingTime": 18725.99999999511, "training_name": "color_2", "epochLoss": {"loss": [210.9043836593628, 196.7604637145996, 185.9934687614441, 175.94094276428223, 165.05228281021118, 154.23855781555176, 144.1718578338623, 134.41725969314575, 125.90516805648804, 118.39922666549683, 111.96175813674927, 107.34424591064453, 103.00014019012451, 99.91815686225891, 96.58971428871155], "val_loss": [200.8037805557251, 188.83261680603027, 177.70631313323975, 166.57536029815674, 155.39703369140625, 144.3539023399353, 133.63943099975586, 124.39236640930176, 115.58200120925903, 108.33241939544678, 102.06876993179321, 97.14831709861755, 92.71205067634583, 89.77323174476624, 86.60814762115479], "label": [1, 2, 3, 4, 5, 6, 7, 8, 9, 10, 11, 12, 13, 14, 15]}, "batchSize": 300, "testAccuracy": 50, "validationSplit": "10"}