{"sizeOfTrainingInputs": "40000", "epochAccuracy": {"acc": [82.61666893959045, 90.37777781486511, 92.20277667045593, 93.34166646003723], "val_acc": [90.12500643730164, 92.1500027179718, 93.27500462532043, 94.30000185966492], "label": [1, 2, 3, 4]}, "trainEpochs": "4", "trainingTime": 31978.809999999612, "training_name": "earlystopping_6", "epochLoss": {"loss": [63.92123103141785, 33.29150676727295, 26.817357540130615, 22.959838807582855], "val_loss": [34.88618731498718, 27.72689163684845, 23.202107846736908, 20.344345271587372], "label": [1, 2, 3, 4]}, "batchSize": 400, "testAccuracy": 94.68000531196594, "validationSplit": 0.1}