{"sizeOfTrainingInputs": "40000", "epochAccuracy": {"acc": [82.54166841506958, 90.50000309944153, 92.06111431121826, 93.31944584846497], "val_acc": [89.77500200271606, 91.75000190734863, 92.95000433921814, 93.7250018119812], "label": [1, 2, 3, 4]}, "trainEpochs": "4", "trainingTime": 31359.75000000008, "training_name": "earlystopping_4", "epochLoss": {"loss": [64.2681896686554, 33.61091911792755, 27.53499746322632, 23.236139118671417], "val_loss": [36.07204258441925, 28.031355142593384, 24.100320041179657, 21.352170407772064], "label": [1, 2, 3, 4]}, "batchSize": 400, "testAccuracy": 94.75000500679016, "validationSplit": 0.1}