{"sizeOfTrainingInputs": "40000", "epochAccuracy": {"acc": [83.74444246292114, 90.9083366394043, 92.69722104072571, 93.91666650772095], "val_acc": [90.40000438690186, 92.37500429153442, 93.85000467300415, 94.60000395774841], "label": [1, 2, 3, 4]}, "trainEpochs": "4", "trainingTime": 44996.16000000015, "training_name": "earlystopping_5", "epochLoss": {"loss": [59.05996561050415, 31.32249414920807, 25.198036432266235, 20.924216508865356], "val_loss": [34.195515513420105, 26.06748938560486, 21.57178521156311, 18.62056702375412], "label": [1, 2, 3, 4]}, "batchSize": 300, "testAccuracy": 95.44000625610352, "validationSplit": 0.1}