{"sizeOfTrainingInputs": "40000", "epochAccuracy": {"acc": [82.56666660308838, 90.35555720329285], "val_acc": [89.3250048160553, 92.17500686645508], "label": [1, 2]}, "trainEpochs": "4", "trainingTime": 16958.745000000363, "training_name": "earlystopping_7", "epochLoss": {"loss": [64.42331075668335, 33.38484466075897], "val_loss": [36.01231873035431, 27.34660804271698], "label": [1, 2]}, "batchSize": 400, "testAccuracy": 93.23000311851501, "validationSplit": 0.1}