{"sizeOfTrainingInputs": "40000", "epochAccuracy": {"acc": [83.86111259460449, 90.83611369132996, 92.85833239555359, 94.0250039100647], "val_acc": [90.70000648498535, 92.72500276565552, 94.12500262260437, 94.35000419616699], "label": [1, 2, 3, 4]}, "trainEpochs": "4", "trainingTime": 34923.225000000006, "training_name": "earlystopping_2", "epochLoss": {"loss": [59.13767218589783, 31.199660897254944, 24.694804847240448, 20.734503865242004], "val_loss": [33.489054441452026, 25.99017322063446, 20.96715420484543, 19.242027401924133], "label": [1, 2, 3, 4]}, "batchSize": 300, "testAccuracy": 95.33000588417053, "validationSplit": 0.1}