{"sizeOfTrainingInputs": "40000", "epochAccuracy": {"acc": [83.84166955947876, 91.11388921737671, 92.78333187103271, 93.83333325386047, 94.5111095905304], "val_acc": [90.5250072479248, 92.77500510215759, 94.12500262260437, 94.62500214576721, 95.10000348091125], "label": [1, 2, 3, 4, 5]}, "trainEpochs": "5", "trainingTime": 50357.95000000007, "training_name": "earlystopping_1", "epochLoss": {"loss": [58.76892805099487, 30.833548307418823, 24.645628035068512, 20.753929018974304, 17.993248999118805], "val_loss": [33.13030004501343, 25.705325603485107, 20.981641113758087, 18.797144293785095, 17.010867595672607], "label": [1, 2, 3, 4, 5]}, "batchSize": 300, "testAccuracy": 95.82000374794006, "validationSplit": 0.1}