{"sizeOfTrainingInputs": "40000", "epochAccuracy": {"acc": [82.43055939674377, 90.538889169693, 92.24722385406494], "val_acc": [89.15000557899475, 92.02500581741333, 93.00000667572021], "label": [1, 2, 3]}, "trainEpochs": "3", "trainingTime": 23012.880000000227, "training_name": "earlystopping_3", "epochLoss": {"loss": [64.34196829795837, 32.94544517993927, 26.751995086669922], "val_loss": [37.618476152420044, 27.32907235622406, 24.390262365341187], "label": [1, 2, 3]}, "batchSize": 400, "testAccuracy": 93.49000453948975, "validationSplit": 0.1}