{"sizeOfTrainingInputs": "5000", "epochAccuracy": {"acc": [53.5111129283905, 80.02222776412964, 88.5555624961853, 88.955557346344, 89.31111693382263, 91.64445400238037, 90.44445157051086, 94.17778849601746, 92.22222566604614, 94.88890171051025], "val_acc": [75.00001192092896, 83.40001106262207, 89.40001130104065, 89.20000791549683, 89.60000872612, 92.00000762939453, 92.80001521110535, 93.40001344680786, 94.40001249313354, 93.80000829696655], "label": [1, 2, 3, 4, 5, 6, 7, 8, 9, 10]}, "trainEpochs": "10", "trainingTime": 26362.90000000008, "training_name": "hello_1", "epochLoss": {"loss": [150.9684443473816, 72.8015661239624, 45.995160937309265, 40.35605490207672, 37.518030405044556, 29.319196939468384, 31.843453645706177, 21.53860181570053, 25.56028664112091, 18.422210216522217], "val_loss": [91.24276041984558, 54.34872508049011, 42.52125322818756, 36.64713203907013, 31.883040070533752, 27.54558026790619, 24.316750466823578, 23.853768408298492, 21.032826602458954, 20.138442516326904], "label": [1, 2, 3, 4, 5, 6, 7, 8, 9, 10]}, "batchSize": 500, "testAccuracy": 93.03000569343567, "validationSplit": 0.1}