{"sizeOfTrainingInputs": "5000", "epochAccuracy": {"acc": [57.955557107925415, 83.1777811050415, 87.88889050483704, 90.35555720329285, 91.68888926506042, 91.82222485542297], "val_acc": [78.4000039100647, 87.39999532699585, 88.99999856948853, 88.7999951839447, 92.1999990940094, 91.00000262260437], "label": [1, 2, 3, 4, 5, 6]}, "trainEpochs": "6", "trainingTime": 17247.999999999593, "training_name": "hello_4", "epochLoss": {"loss": [139.9787425994873, 59.681469202041626, 43.69218051433563, 35.01979112625122, 29.81032133102417, 29.08872663974762], "val_loss": [78.06283235549927, 46.03598117828369, 34.114596247673035, 31.10162615776062, 25.899776816368103, 31.21698796749115], "label": [1, 2, 3, 4, 5, 6]}, "batchSize": 400, "testAccuracy": 89.75000381469727, "validationSplit": 0.1}