{"sizeOfTrainingInputs": "5000", "epochAccuracy": {"acc": [53.5111129283905, 80.02222776412964, 88.5555624961853, 88.955557346344, 89.31111693382263, 91.64445400238037, 90.44445157051086, 94.17778849601746, 92.22222566604614, 94.88890171051025, 53.88888716697693, 81.28889203071594, 86.17777824401855, 89.17778134346008, 89.80000615119934], "val_acc": [75.00001192092896, 83.40001106262207, 89.40001130104065, 89.20000791549683, 89.60000872612, 92.00000762939453, 92.80001521110535, 93.40001344680786, 94.40001249313354, 93.80000829696655, 78.000009059906, 85.60001254081726, 86.80000901222229, 88.40001225471497, 92.00000762939453], "label": [1, 2, 3, 4, 5, 6, 7, 8, 9, 10, 1, 2, 3, 4, 5]}, "trainEpochs": "5", "trainingTime": 13394.29999999993, "training_name": "hello_2", "epochLoss": {"loss": [150.9684443473816, 72.8015661239624, 45.995160937309265, 40.35605490207672, 37.518030405044556, 29.319196939468384, 31.843453645706177, 21.53860181570053, 25.56028664112091, 18.422210216522217, 150.85288286209106, 68.4755802154541, 49.58394169807434, 40.13676643371582, 35.12357771396637], "val_loss": [91.24276041984558, 54.34872508049011, 42.52125322818756, 36.64713203907013, 31.883040070533752, 27.54558026790619, 24.316750466823578, 23.853768408298492, 21.032826602458954, 20.138442516326904, 79.83015179634094, 50.59232711791992, 42.12227761745453, 35.240188241004944, 29.96293604373932], "label": [1, 2, 3, 4, 5, 6, 7, 8, 9, 10, 1, 2, 3, 4, 5]}, "batchSize": 500, "testAccuracy": 89.88000154495239, "validationSplit": 0.1}