{"sizeOfTrainingInputs": "5000", "epochAccuracy": {"acc": [55.15555739402771, 78.86667251586914, 86.75556182861328, 87.88889646530151], "val_acc": [75.40000081062317, 81.40000104904175, 88.40001225471497, 89.20000791549683], "label": [1, 2, 3, 4]}, "trainEpochs": "4", "trainingTime": 11947.100000001257, "training_name": "hello_3", "epochLoss": {"loss": [149.38054084777832, 75.16151070594788, 48.777180910110474, 41.74942374229431], "val_loss": [86.58291697502136, 55.366748571395874, 38.62166106700897, 35.85123419761658], "label": [1, 2, 3, 4]}, "batchSize": 500, "testAccuracy": 85.98000407218933, "validationSplit": 0.1}