{"sizeOfTrainingInputs": "5500", "epochAccuracy": {"acc": [22.02020138502121, 46.98990285396576, 63.25252056121826, 72.04040884971619, 75.35354495048523], "val_acc": [39.81817662715912, 57.27272629737854, 71.99999690055847, 76.54544711112976, 78.54544520378113], "label": [1, 2, 3, 4, 5]}, "trainEpochs": "5", "trainingTime": 3200.0000000007567, "training_name": "liam_1", "epochLoss": {"loss": [218.76585483551025, 184.02987718582153, 163.17682266235352, 147.1502423286438, 134.17842388153076], "val_loss": [191.9640064239502, 166.8878197669983, 148.22945594787598, 133.4094762802124, 121.41519784927368], "label": [1, 2, 3, 4, 5]}, "batchSize": 1000, "testAccuracy": 76.43000483512878, "validationSplit": 0.1}