{"sizeOfTrainingInputs": "10000", "epochAccuracy": {"acc": [78.66160869598389, 88.95959258079529, 90.43434262275696, 91.04040265083313, 91.52525067329407, 34.54444408416748, 66.8666660785675, 75.73333382606506], "val_acc": [87.95454502105713, 90.09091258049011, 90.90909361839294, 91.59091114997864, 91.4545476436615, 50.80000162124634, 66.90000891685486, 71.09999656677246], "label": [1, 2, 3, 4, 5, 1, 2, 3]}, "trainEpochs": "3", "trainingTime": 3333.199999997305, "training_name": "liam_4", "epochLoss": {"loss": [90.47932028770447, 43.13254952430725, 36.22736632823944, 33.18202197551727, 31.489408016204834, 201.0542869567871, 155.567729473114, 129.46959733963013], "val_loss": [50.20440220832825, 39.128297567367554, 34.97505784034729, 33.0051064491272, 32.44789242744446, 179.15492057800293, 150.48564672470093, 130.56026697158813], "label": [1, 2, 3, 4, 5, 1, 2, 3]}, "batchSize": 900, "testAccuracy": 78.57000231742859, "validationSplit": 0.1}