{"sizeOfTrainingInputs": "55000", "epochAccuracy": {"acc": [74.34141635894775, 87.12930083274841, 89.23434019088745, 90.2020275592804, 90.75555801391602, 91.04849100112915, 91.2828266620636, 91.51920080184937, 91.63434505462646, 91.81010127067566, 91.84444546699524, 91.9272780418396, 92.0424222946167, 92.16969609260559, 92.17778444290161, 92.24040508270264, 92.34747290611267, 92.38383769989014, 92.37777590751648, 92.45859384536743], "val_acc": [88.65454196929932, 91.29091501235962, 92.32727289199829, 92.58182644844055, 92.87272691726685, 92.98182725906372, 92.99999475479126, 93.309086561203, 93.32727193832397, 93.38182210922241, 93.49091649055481, 93.54546070098877, 93.80000829696655, 93.59999895095825, 93.63636374473572, 93.83637309074402, 93.89091730117798, 93.81818175315857, 93.83637309074402, 93.94544959068298], "label": [1, 2, 3, 4, 5, 6, 7, 8, 9, 10, 11, 12, 13, 14, 15, 16, 17, 18, 19, 20]}, "trainEpochs": "20", "trainingTime": 168667.9999999978, "training_name": "liam_2", "epochLoss": {"loss": [110.48203706741333, 51.08802318572998, 40.06328880786896, 35.87106168270111, 33.64013135433197, 32.2626918554306, 31.289926171302795, 30.55987060070038, 29.998084902763367, 29.519084095954895, 29.123327136039734, 28.814387321472168, 28.514742851257324, 28.2509446144104, 28.025266528129578, 27.827125787734985, 27.64630615711212, 27.44457721710205, 27.317824959754944, 27.15359926223755], "val_loss": [54.213374853134155, 35.51243245601654, 30.050238966941833, 27.75111198425293, 26.49880051612854, 25.549283623695374, 25.01766085624695, 24.542155861854553, 24.283573031425476, 24.052168428897858, 23.78452718257904, 23.548823595046997, 23.36546927690506, 23.236188292503357, 23.20127934217453, 22.933579981327057, 22.915750741958618, 22.813627123832703, 22.7686807513237, 22.598889470100403], "label": [1, 2, 3, 4, 5, 6, 7, 8, 9, 10, 11, 12, 13, 14, 15, 16, 17, 18, 19, 20]}, "batchSize": 500, "testAccuracy": 92.55000352859497, "validationSplit": 0.1}