{"sizeOfTrainingInputs": "5000", "epochAccuracy": {"acc": [60.37777662277222, 81.2666654586792, 84.75555777549744, 87.02222108840942, 88.46666812896729], "val_acc": [83.40000510215759, 85.80000400543213, 87.00000643730164, 88.40000629425049, 89.20000195503235], "label": [1, 2, 3, 4, 5]}, "trainEpochs": "5", "trainingTime": 12697.500000002037, "training_name": "liam_5", "epochLoss": {"loss": [157.70277976989746, 91.77423119544983, 67.00332760810852, 54.70101833343506, 47.78589904308319], "val_loss": [105.63204288482666, 69.47715282440186, 53.67111563682556, 44.8796421289444, 41.86699092388153], "label": [1, 2, 3, 4, 5]}, "batchSize": 100, "testAccuracy": 88.36000561714172, "validationSplit": 0.1}