{"sizeOfTrainingInputs": "22000", "epochAccuracy": {"acc": [78.66160869598389, 88.95959258079529, 90.43434262275696, 91.04040265083313, 91.52525067329407], "val_acc": [87.95454502105713, 90.09091258049011, 90.90909361839294, 91.59091114997864, 91.4545476436615], "label": [1, 2, 3, 4, 5]}, "trainEpochs": "5", "trainingTime": 53923.500000000786, "training_name": "liam_3", "epochLoss": {"loss": [90.47932028770447, 43.13254952430725, 36.22736632823944, 33.18202197551727, 31.489408016204834], "val_loss": [50.20440220832825, 39.128297567367554, 34.97505784034729, 33.0051064491272, 32.44789242744446], "label": [1, 2, 3, 4, 5]}, "batchSize": 100, "testAccuracy": 91.34000539779663, "validationSplit": 0.1}