{"sizeOfTrainingInputs": "5000", "epochAccuracy": {"acc": [40.79999923706055, 66.5777862071991, 72.6222276687622, 76.26667022705078, 78.64444851875305, 80.17777800559998, 81.84444904327393, 83.1111192703247, 83.88888835906982, 84.91111397743225], "val_acc": [65.20000100135803, 75.60001015663147, 79.00000810623169, 81.8000078201294, 83.20000767707825, 84.00001525878906, 84.80001091957092, 86.00000143051147, 86.20001673698425, 86.80000305175781], "label": [1, 2, 3, 4, 5, 6, 7, 8, 9, 10]}, "trainEpochs": "10", "trainingTime": 6690.699999999197, "training_name": "q_1", "epochLoss": {"loss": [195.62491178512573, 154.6038031578064, 131.602942943573, 114.8041844367981, 101.83783769607544, 91.48048162460327, 82.99084901809692, 76.04848742485046, 70.21796107292175, 65.38156867027283], "val_loss": [163.19761276245117, 135.28478145599365, 116.16041660308838, 101.40875577926636, 90.14815092086792, 80.77934384346008, 73.50902557373047, 66.97998046875, 62.20884323120117, 57.453370094299316], "label": [1, 2, 3, 4, 5, 6, 7, 8, 9, 10]}, "batchSize": 500, "testAccuracy": 84.9500060081482, "validationSplit": 0.1}