{"sizeOfTrainingInputs": "2000", "epochAccuracy": {"acc": [25.666669011116028, 53.888893127441406, 64.05555605888367, 71.11111283302307, 74.72223043441772], "val_acc": [40.99999666213989, 57.499998807907104, 65.99999666213989, 68.50000023841858, 70.99999785423279], "label": [1, 2, 3, 4, 5]}, "trainEpochs": "5", "trainingTime": 2823.7999999983003, "training_name": "q_2", "epochLoss": {"loss": [214.58663940429688, 181.02245330810547, 162.05730438232422, 147.75618314743042, 135.95868349075317], "val_loss": [194.05593872070312, 175.1601219177246, 161.79460287094116, 150.55429935455322, 141.52156114578247], "label": [1, 2, 3, 4, 5]}, "batchSize": 500, "testAccuracy": 70.15000581741333, "validationSplit": 0.1}