{"sizeOfTrainingInputs": "6000", "epochAccuracy": {"acc": [29.277777671813965, 61.90740466117859, 72.8518545627594, 76.66666507720947, 79.14814949035645, 81.0185194015503, 82.42591619491577, 83.62963199615479, 84.79629755020142, 85.48148274421692], "val_acc": [57.16666579246521, 74.33333396911621, 78.33333015441895, 80.6666612625122, 83.66667628288269, 84.66667532920837, 85.16666293144226, 87.33334541320801, 87.6666784286499, 88.66667151451111], "label": [1, 2, 3, 4, 5, 6, 7, 8, 9, 10]}, "trainEpochs": "10", "trainingTime": 7280.800000000454, "training_name": "qq_1", "epochLoss": {"loss": [210.1205587387085, 165.30855894088745, 139.32279348373413, 120.33495903015137, 105.68636655807495, 94.04968619346619, 84.60782766342163, 76.97075009346008, 70.68358063697815, 65.39509892463684], "val_loss": [176.35504007339478, 144.27324533462524, 122.01939821243286, 105.31489849090576, 92.27732419967651, 81.69503211975098, 73.43786358833313, 66.28909707069397, 60.818856954574585, 56.45887851715088], "label": [1, 2, 3, 4, 5, 6, 7, 8, 9, 10]}, "batchSize": 600, "testAccuracy": 85.16000509262085, "validationSplit": 0.1}