{"sizeOfTrainingInputs": "5000", "epochAccuracy": {"acc": [57.40000009536743, 81.3200056552887], "val_acc": [76.2000024318695, 81.16000294685364], "label": [1, 2]}, "trainEpochs": "2", "trainingTime": 7892.800000001444, "training_name": "qq_2", "epochLoss": {"loss": [163.84010314941406, 93.26086640357971], "val_loss": [118.77269744873047, 80.94494938850403], "label": [1, 2]}, "batchSize": 50, "testAccuracy": 82.48000144958496, "validationSplit": 0.5}