{"sizeOfTrainingInputs": "5000", "epochAccuracy": {"acc": [58.266669511795044, 80.4888904094696, 84.73333716392517, 87.17777729034424, 88.40000033378601], "val_acc": [82.00000524520874, 85.6000006198883, 86.39999628067017, 87.39999532699585, 87.40000128746033], "label": [1, 2, 3, 4, 5]}, "trainEpochs": "5", "trainingTime": 14584.599999998318, "training_name": "qq_3", "epochLoss": {"loss": [162.0829939842224, 93.21011304855347, 67.33010411262512, 54.83703017234802, 47.57806062698364], "val_loss": [108.93148183822632, 70.08991837501526, 53.855401277542114, 45.35186290740967, 41.342365741729736], "label": [1, 2, 3, 4, 5]}, "batchSize": 100, "testAccuracy": 88.30000162124634, "validationSplit": 0.1}