{"sizeOfTrainingInputs": "30000", "epochAccuracy": {"acc": [74.99259114265442, 91.14444851875305, 94.15926337242126, 95.63703536987305, 96.68888449668884], "val_acc": [88.26666474342346, 91.60000681877136, 94.80000734329224, 96.8666672706604, 96.60000801086426], "label": [1, 2, 3, 4, 5]}, "trainEpochs": "5", "trainingTime": 342559.500000003, "training_name": "retest_1", "epochLoss": {"loss": [85.06758213043213, 29.371559619903564, 19.211286306381226, 14.258962869644165, 10.950245708227158], "val_loss": [38.48219811916351, 26.25165283679962, 16.165895760059357, 11.03929728269577, 10.227617621421814], "label": [1, 2, 3, 4, 5]}, "batchSize": 500, "testAccuracy": 97.23000526428223, "validationSplit": 0.1}