{"sizeOfTrainingInputs": "50", "epochAccuracy": {"acc": [20.000000298023224, 82.22222328186035], "val_acc": [20.000000298023224, 40.00000059604645], "label": [1, 2]}, "trainEpochs": "2", "trainingTime": 1406.4999999999854, "training_name": "russell_2", "epochLoss": {"loss": [216.9504165649414, 132.3761224746704], "val_loss": [199.2451548576355, 180.48094511032104], "label": [1, 2]}, "batchSize": 10, "testAccuracy": 48.96000325679779, "validationSplit": 0.1}