{"sizeOfTrainingInputs": "40000", "epochAccuracy": {"acc": [85.72059273719788, 92.1676516532898, 93.77647042274475, 94.95294094085693, 95.79117894172668, 96.38235569000244, 96.8500018119812, 97.27647304534912, 97.66764640808105, 97.92647361755371], "val_acc": [89.26666378974915, 91.54999852180481, 93.66666674613953, 94.0999984741211, 95.11666297912598, 95.45000195503235, 95.23333311080933, 95.56666612625122, 95.83333134651184, 96.26666307449341], "label": [1, 2, 3, 4, 5, 6, 7, 8, 9, 10]}, "trainEpochs": "10", "trainingTime": 147985.04000005778, "training_name": "russell_4", "epochLoss": {"loss": [54.29772138595581, 27.471503615379333, 21.677036583423615, 17.636151611804962, 14.844810962677002, 12.785494327545166, 11.029157787561417, 9.76974368095398, 8.539461344480515, 7.557505369186401], "val_loss": [35.11102795600891, 28.592395782470703, 21.898116171360016, 19.758540391921997, 17.030519247055054, 15.694251656532288, 16.021516919136047, 14.824411273002625, 14.155198633670807, 13.089253008365631], "label": [1, 2, 3, 4, 5, 6, 7, 8, 9, 10]}, "batchSize": 300, "testAccuracy": 96.8000054359436, "validationSplit": 0.15}