{"sizeOfTrainingInputs": "30000", "epochAccuracy": {"acc": [82.27407336235046, 90.48888683319092, 92.19259023666382, 93.19999814033508], "val_acc": [89.49999809265137, 91.10000729560852, 92.30000972747803, 93.76667141914368], "label": [1, 2, 3, 4]}, "trainEpochs": "4", "trainingTime": 16709.900000000005, "training_name": "russell_1", "epochLoss": {"loss": [70.54306864738464, 34.187278151512146, 27.84956693649292, 23.931245505809784], "val_loss": [38.9654815196991, 29.85646426677704, 26.442494988441467, 22.764909267425537], "label": [1, 2, 3, 4]}, "batchSize": 500, "testAccuracy": 93.51000189781189, "validationSplit": 0.1}