{"sizeOfTrainingInputs": "40000", "epochAccuracy": {"acc": [84.22222137451172, 91.30833148956299, 92.93333292007446, 94.07222270965576, 94.8888897895813], "val_acc": [89.35000896453857, 91.57500863075256, 92.6750123500824, 93.625009059906, 94.07501220703125], "label": [1, 2, 3, 4, 5]}, "trainEpochs": "5", "trainingTime": 26481.5, "training_name": "russell_3", "epochLoss": {"loss": [63.116616010665894, 30.73839247226715, 24.863632023334503, 20.926108956336975, 17.99200177192688], "val_loss": [37.41658926010132, 29.09104824066162, 24.91328865289688, 23.125962913036346, 20.21307796239853], "label": [1, 2, 3, 4, 5]}, "batchSize": 500, "testAccuracy": 94.99000310897827, "validationSplit": 0.1}