{"sizeOfTrainingInputs": "30000", "epochAccuracy": {"acc": [81.18518590927124, 90.30000567436218, 92.11111664772034, 93.17408204078674, 93.95555853843689], "val_acc": [89.10000920295715, 90.8666729927063, 92.33334064483643, 93.30000877380371, 93.80000829696655], "label": [1, 2, 3, 4, 5]}, "trainEpochs": "5", "trainingTime": 24037.499999976717, "training_name": "tester_17", "epochLoss": {"loss": [73.81986975669861, 35.18325686454773, 28.24631631374359, 24.438190460205078, 21.22563272714615], "val_loss": [39.83939290046692, 31.40549063682556, 25.9118914604187, 23.3491450548172, 21.188637614250183], "label": [1, 2, 3, 4, 5]}, "batchSize": 500, "testAccuracy": 94.29000616073608, "validationSplit": 0.1}