{"sizeOfTrainingInputs": "10000", "epochAccuracy": {"acc": [70.28889060020447, 86.21110916137695, 89.01111483573914, 90.1222288608551], "val_acc": [77.70000696182251, 81.90000653266907, 81.30000829696655, 86.30001544952393], "label": [1, 2, 3, 4]}, "trainEpochs": "4", "trainingTime": 8298.600000009174, "training_name": "tester_23", "epochLoss": {"loss": [116.88783168792725, 55.534082651138306, 42.22155213356018, 36.30068600177765], "val_loss": [80.7442307472229, 60.10444760322571, 54.022061824798584, 47.30662703514099], "label": [1, 2, 3, 4]}, "batchSize": 500, "testAccuracy": 90.08000493049622, "validationSplit": 0.1}