{"sizeOfTrainingInputs": "30000", "epochAccuracy": {"acc": [80.87777495384216, 90.37778377532959, 92.07777380943298], "val_acc": [88.83333802223206, 91.46667122840881, 92.16667413711548], "label": [1, 2, 3]}, "trainEpochs": "3", "trainingTime": 14388.999999995576, "training_name": "tester_19", "epochLoss": {"loss": [74.43426251411438, 35.097116231918335, 28.496158123016357], "val_loss": [40.037137269973755, 30.349653959274292, 26.323461532592773], "label": [1, 2, 3]}, "batchSize": 500, "testAccuracy": 92.62000322341919, "validationSplit": 0.1}