{"sizeOfTrainingInputs": "30000", "epochAccuracy": {"acc": [81.04074001312256, 90.27777314186096, 92.13333129882812, 93.2111144065857, 93.9814805984497, 94.82962489128113, 95.3592598438263, 95.8148181438446, 96.318519115448, 96.61110639572144], "val_acc": [88.83333802223206, 91.1666750907898, 92.53333806991577, 92.66667366027832, 93.70000958442688, 94.20000910758972, 94.96667385101318, 94.46667432785034, 95.2000081539154, 95.33333778381348], "label": [1, 2, 3, 4, 5, 6, 7, 8, 9, 10]}, "trainEpochs": "10", "trainingTime": 44475.700000009965, "training_name": "tester_16", "epochLoss": {"loss": [74.5657742023468, 35.026246309280396, 28.199544548988342, 24.113112688064575, 21.20976150035858, 18.542686104774475, 16.552063822746277, 14.839033782482147, 13.408607244491577, 12.108614295721054], "val_loss": [39.54756259918213, 30.606573820114136, 26.23458504676819, 24.885904788970947, 21.43973559141159, 19.6382075548172, 18.294546008110046, 18.006531894207, 15.769854187965393, 15.660259127616882], "label": [1, 2, 3, 4, 5, 6, 7, 8, 9, 10]}, "batchSize": 500, "testAccuracy": 95.89000344276428, "validationSplit": 0.1}