{"sizeOfTrainingInputs": "30000", "epochAccuracy": {"acc": [81.02962970733643, 90.28889536857605, 92.18888878822327, 93.281489610672, 94.07407641410828, 94.76296305656433, 95.34444808959961, 95.90000510215759, 96.2851881980896, 96.57036662101746], "val_acc": [87.56667375564575, 91.69999957084656, 92.23334193229675, 93.26667189598083, 93.6333417892456, 94.10000443458557, 94.53334212303162, 94.86667513847351, 95.43334245681763, 95.60000896453857], "label": [1, 2, 3, 4, 5, 6, 7, 8, 9, 10]}, "trainEpochs": "10", "trainingTime": 42436.699999991106, "training_name": "tester_15", "epochLoss": {"loss": [74.38795566558838, 35.06384491920471, 28.175190091133118, 24.134020507335663, 21.141105890274048, 18.538707494735718, 16.503001749515533, 14.77072685956955, 13.449257612228394, 12.256193906068802], "val_loss": [42.512232065200806, 29.97024953365326, 26.65170729160309, 23.549924790859222, 21.338725090026855, 19.951672852039337, 18.67433786392212, 17.711348831653595, 15.834245085716248, 15.402282774448395], "label": [1, 2, 3, 4, 5, 6, 7, 8, 9, 10]}, "batchSize": 500, "testAccuracy": 95.83000540733337, "validationSplit": 0.1}