{"sizeOfTrainingInputs": "30000", "epochAccuracy": {"acc": [80.98148107528687, 90.30370116233826, 92.10000038146973, 93.07778477668762, 94.04815435409546, 94.72593069076538, 95.27036547660828, 95.73333859443665, 96.28148674964905, 96.57037258148193], "val_acc": [88.80000710487366, 91.26667380332947, 92.56667494773865, 93.16667318344116, 93.86667609214783, 93.99999976158142, 94.46667432785034, 94.80000734329224, 95.2333390712738, 95.40000557899475], "label": [1, 2, 3, 4, 5, 6, 7, 8, 9, 10]}, "trainEpochs": "10", "trainingTime": 47931.199999991804, "training_name": "tester_18", "epochLoss": {"loss": [73.83710145950317, 34.876903891563416, 28.342372179031372, 24.31798428297043, 21.152113378047943, 18.692977726459503, 16.792620718479156, 14.971278607845306, 13.566456735134125, 12.33348399400711], "val_loss": [40.554407238960266, 30.476099252700806, 26.58323347568512, 23.522187769412994, 21.76300436258316, 19.972512125968933, 19.077058136463165, 17.884688079357147, 16.186609864234924, 15.678983926773071], "label": [1, 2, 3, 4, 5, 6, 7, 8, 9, 10]}, "batchSize": 500, "testAccuracy": 95.88000178337097, "validationSplit": 0.1}