{"sizeOfTrainingInputs": "40000", "epochAccuracy": {"acc": [83.04722309112549, 91.30833148956299, 92.9277777671814, 94.00833249092102, 94.9222207069397, 95.60000896453857, 96.17500305175781, 96.55555486679077, 96.85279130935669, 97.24723696708679, 97.50279188156128, 97.78055548667908, 97.9888916015625, 98.1249988079071, 98.26945662498474], "val_acc": [89.3000066280365, 91.50000810623169, 92.6750123500824, 93.27501058578491, 93.97501349449158, 94.52500939369202, 94.97501254081726, 95.00001072883606, 95.02500891685486, 95.27500867843628, 95.77500820159912, 95.57501077651978, 96.15001082420349, 96.27500772476196, 96.27500772476196], "label": [1, 2, 3, 4, 5, 6, 7, 8, 9, 10, 11, 12, 13, 14, 15]}, "trainEpochs": "15", "trainingTime": 95288.40000001946, "training_name": "tester_5", "epochLoss": {"loss": [65.68152904510498, 31.30587339401245, 24.99188929796219, 21.01386785507202, 18.047133088111877, 15.659619867801666, 13.73332142829895, 12.149784713983536, 10.968581587076187, 9.883026778697968, 9.008102864027023, 8.189617097377777, 7.452892512083054, 6.804635375738144, 6.272759288549423], "val_loss": [38.86573910713196, 29.315313696861267, 25.326931476593018, 22.712109982967377, 20.08359283208847, 18.611502647399902, 16.967859864234924, 16.17320626974106, 15.792444348335266, 15.631164610385895, 13.931001722812653, 13.967496156692505, 12.955626845359802, 12.666156888008118, 12.172844260931015], "label": [1, 2, 3, 4, 5, 6, 7, 8, 9, 10, 11, 12, 13, 14, 15]}, "batchSize": 500, "testAccuracy": 97.11000323295593, "validationSplit": 0.1}