{"sizeOfTrainingInputs": "55000", "epochAccuracy": {"acc": [86.8686854839325, 92.85454750061035, 94.72727179527283, 95.66464424133301, 96.39191627502441, 96.94545269012451, 97.35555648803711, 97.70100712776184, 98.03030490875244, 98.27272891998291, 98.36565852165222, 98.6424207687378, 98.70908856391907, 98.89696836471558, 99.02828335762024], "val_acc": [93.25454235076904, 95.39999961853027, 96.25454545021057, 96.67272567749023, 96.89090847969055, 97.29090929031372, 97.38181829452515, 97.27272391319275, 97.76363372802734, 97.70908951759338, 97.9454517364502, 97.96363115310669, 97.72726893424988, 97.98181653022766, 97.78181314468384], "label": [1, 2, 3, 4, 5, 6, 7, 8, 9, 10, 11, 12, 13, 14, 15]}, "trainEpochs": "15", "trainingTime": 180823.1000000087, "training_name": "tester_7", "epochLoss": {"loss": [48.88909459114075, 24.935297667980194, 18.790386617183685, 15.076181292533875, 12.525971233844757, 10.64050942659378, 9.21526700258255, 8.05729478597641, 7.11769163608551, 6.3106924295425415, 5.616650730371475, 4.985116422176361, 4.516474157571793, 4.022965207695961, 3.6577876657247543], "val_loss": [24.017398059368134, 17.07206964492798, 13.981865346431732, 12.597014009952545, 11.086616665124893, 9.460563212633133, 9.948313236236572, 8.828485757112503, 8.051854372024536, 7.883764803409576, 7.527498155832291, 7.457135617733002, 7.951655238866806, 7.216587662696838, 7.582302391529083], "label": [1, 2, 3, 4, 5, 6, 7, 8, 9, 10, 11, 12, 13, 14, 15]}, "batchSize": 320, "testAccuracy": 97.53000736236572, "validationSplit": 0.1}