{"sizeOfTrainingInputs": "55000", "epochAccuracy": {"acc": [84.98989939689636, 92.01616048812866, 93.65454316139221, 94.71111297607422, 95.50707936286926, 96.20000720024109, 96.70102000236511, 97.02829122543335, 97.31717109680176, 97.67878651618958], "val_acc": [92.98181533813477, 94.69091296195984, 95.41819095611572, 96.16363644599915, 96.49091362953186, 96.74544930458069, 96.909099817276, 97.1636414527893, 97.09091782569885, 97.25454449653625], "label": [1, 2, 3, 4, 5, 6, 7, 8, 9, 10]}, "trainEpochs": "10", "trainingTime": 77587.89999999997, "training_name": "tester_25", "epochLoss": {"loss": [56.8156361579895, 28.38440239429474, 22.45406061410904, 18.510882556438446, 15.641230344772339, 13.520456850528717, 11.781691759824753, 10.39290577173233, 9.318961203098297, 8.31601470708847], "val_loss": [25.847938656806946, 19.83923465013504, 17.04999953508377, 14.538717269897461, 13.21660578250885, 11.312451213598251, 10.804114490747452, 10.034969449043274, 9.551040828227997, 9.245657175779343], "label": [1, 2, 3, 4, 5, 6, 7, 8, 9, 10]}, "batchSize": 500, "testAccuracy": 97.0300018787384, "validationSplit": 0.1}