{"sizeOfTrainingInputs": "10000", "epochAccuracy": {"acc": [69.56666707992554, 85.84444522857666, 88.86666893959045, 90.05556106567383, 91.34445786476135, 92.11112260818481, 92.58890151977539, 93.27777624130249, 93.9333438873291, 94.00001168251038], "val_acc": [76.40001773834229, 82.50001072883606, 84.10001397132874, 86.90000772476196, 86.50001883506775, 88.20000886917114, 87.40001916885376, 88.3000135421753, 87.30001449584961, 89.40001726150513], "label": [1, 2, 3, 4, 5, 6, 7, 8, 9, 10]}, "trainEpochs": "10", "trainingTime": 15602.600000012899, "training_name": "tester_9", "epochLoss": {"loss": [117.72423982620239, 56.51217699050903, 42.70831644535065, 36.593785881996155, 32.19640851020813, 29.241931438446045, 27.000588178634644, 24.868278205394745, 22.945508360862732, 21.85339331626892], "val_loss": [82.33386278152466, 60.34315824508667, 51.43924951553345, 46.34488821029663, 43.20715665817261, 40.04336595535278, 39.74151611328125, 37.457603216171265, 37.90031671524048, 34.27211940288544], "label": [1, 2, 3, 4, 5, 6, 7, 8, 9, 10]}, "batchSize": 500, "testAccuracy": 92.72000193595886, "validationSplit": 0.1}