{"sizeOfTrainingInputs": "15000", "epochAccuracy": {"acc": [74.19258952140808, 87.674081325531, 89.94073867797852, 91.35555624961853, 92.39259958267212, 92.97037720680237, 93.61482262611389, 93.88148784637451, 94.39259767532349, 95.08148431777954], "val_acc": [88.53334188461304, 90.79999923706055, 92.00000166893005, 92.86666512489319, 93.46668124198914, 93.666672706604, 94.20000910758972, 94.33335065841675, 93.40000748634338, 94.06667351722717], "label": [1, 2, 3, 4, 5, 6, 7, 8, 9, 10]}, "trainEpochs": "10", "trainingTime": 32777.40000002086, "training_name": "tester_13", "epochLoss": {"loss": [100.55792331695557, 46.988317370414734, 36.671021580696106, 31.3955157995224, 27.96386182308197, 25.37110447883606, 23.18718731403351, 21.483325958251953, 19.811151921749115, 18.3133065700531], "val_loss": [50.36630630493164, 35.1641446352005, 29.895010590553284, 26.30757987499237, 24.91869479417801, 23.481212556362152, 22.09155708551407, 20.913228392601013, 22.001123428344727, 20.846545696258545], "label": [1, 2, 3, 4, 5, 6, 7, 8, 9, 10]}, "batchSize": 500, "testAccuracy": 93.45000386238098, "validationSplit": 0.1}