{"sizeOfTrainingInputs": "2000", "epochAccuracy": {"acc": [68.55555772781372, 87.00000047683716], "val_acc": [77.49999761581421, 78.49999666213989], "label": [1, 2]}, "trainEpochs": "2", "trainingTime": 3029.6000000089407, "training_name": "tester_22", "epochLoss": {"loss": [123.59213829040527, 56.65559768676758], "val_loss": [88.7467086315155, 66.94124937057495], "label": [1, 2]}, "batchSize": 100, "testAccuracy": 84.170001745224, "validationSplit": 0.1}