{"sizeOfTrainingInputs": "30000", "epochAccuracy": {"acc": [82.28148221969604, 90.9666657447815, 92.48518347740173, 93.73332858085632, 94.54073905944824, 95.2222228050232, 95.84814310073853, 96.25555276870728, 96.74444198608398, 97.0111072063446], "val_acc": [89.3999993801117, 91.23333096504211, 92.29999780654907, 93.7333345413208, 94.16666626930237, 94.33333277702332, 94.0999984741211, 95.16666531562805, 95.39999961853027, 95.49999833106995], "label": [1, 2, 3, 4, 5, 6, 7, 8, 9, 10]}, "trainEpochs": "10", "trainingTime": 51088.30000000307, "training_name": "tester_24", "epochLoss": {"loss": [67.90292859077454, 32.63956904411316, 26.457181572914124, 22.312675416469574, 19.404105842113495, 16.794098913669586, 14.897975325584412, 13.410364091396332, 11.820569634437561, 10.715096443891525], "val_loss": [38.16058337688446, 30.113428831100464, 25.612539052963257, 21.867534518241882, 21.128810942173004, 19.296331703662872, 19.257383048534393, 15.773473680019379, 15.746952593326569, 15.038225054740906], "label": [1, 2, 3, 4, 5, 6, 7, 8, 9, 10]}, "batchSize": 400, "testAccuracy": 96.06000185012817, "validationSplit": 0.1}