{"sizeOfTrainingInputs": "40000", "epochAccuracy": {"acc": [83.06944370269775, 91.25000238418579, 92.88056492805481, 93.98056864738464, 94.9777901172638, 95.55279016494751, 96.14445567131042, 96.62500023841858, 96.98612093925476, 97.22501039505005, 97.55833148956299, 97.73611426353455, 98.01667928695679, 98.2138991355896, 98.32500219345093], "val_acc": [89.77500796318054, 91.40000939369202, 92.0750081539154, 92.95001029968262, 93.9500093460083, 94.42501068115234, 94.77500915527344, 95.00001072883606, 95.27500867843628, 95.65001130104065, 95.95001339912415, 95.87501287460327, 96.15001082420349, 96.40001058578491, 96.52501344680786], "label": [1, 2, 3, 4, 5, 6, 7, 8, 9, 10, 11, 12, 13, 14, 15]}, "trainEpochs": "15", "trainingTime": 96404.39999999944, "training_name": "tester_6", "epochLoss": {"loss": [65.6101942062378, 31.147709488868713, 25.004222989082336, 21.092045307159424, 17.922130227088928, 15.68891853094101, 13.818885385990143, 12.280075252056122, 10.988689213991165, 9.94284600019455, 9.015066921710968, 8.215875923633575, 7.486812770366669, 6.801356375217438, 6.255348771810532], "val_loss": [37.67482340335846, 29.888269305229187, 26.084348559379578, 23.736681044101715, 20.280449092388153, 18.736492097377777, 17.99435019493103, 16.296914219856262, 15.722891688346863, 14.973825216293335, 14.187651872634888, 13.634951412677765, 13.32671195268631, 12.699802219867706, 12.180393934249878], "label": [1, 2, 3, 4, 5, 6, 7, 8, 9, 10, 11, 12, 13, 14, 15]}, "batchSize": 500, "testAccuracy": 97.14000225067139, "validationSplit": 0.1}