{"sizeOfTrainingInputs": "40000", "epochAccuracy": {"acc": [82.95833468437195, 91.13612174987793, 92.70833730697632, 93.97501349449158, 94.95001435279846, 95.59445381164551, 96.05556726455688, 96.54723405838013, 96.90556526184082, 97.21944332122803], "val_acc": [89.60000276565552, 90.87501168251038, 92.30000972747803, 93.02501082420349, 93.9000129699707, 94.3000078201294, 94.70000267028809, 95.37501335144043, 95.00001072883606, 95.5250084400177], "label": [1, 2, 3, 4, 5, 6, 7, 8, 9, 10]}, "trainEpochs": "10", "trainingTime": 56572.79999999446, "training_name": "tester_14", "epochLoss": {"loss": [65.289705991745, 31.424754858016968, 25.40186047554016, 21.157240867614746, 18.084681034088135, 15.727894008159637, 13.852514326572418, 12.419433891773224, 11.096234619617462, 9.98515784740448], "val_loss": [37.8610223531723, 30.254045128822327, 26.192879676818848, 23.49882572889328, 20.31364142894745, 18.473786115646362, 17.06560105085373, 15.996856987476349, 16.13997220993042, 14.787356555461884], "label": [1, 2, 3, 4, 5, 6, 7, 8, 9, 10]}, "batchSize": 500, "testAccuracy": 96.58000469207764, "validationSplit": 0.1}