{"sizeOfTrainingInputs": "30000", "epochAccuracy": {"acc": [82.10100531578064, 90.72727560997009, 92.44780540466309, 93.54208111763, 94.44108009338379, 95.06397843360901, 95.4242467880249, 96.08754515647888, 96.50505185127258, 96.97979688644409], "val_acc": [87.00000047683716, 91.33333563804626, 90.33333659172058, 90.66666960716248, 91.66666865348816, 93.00000071525574, 91.66666865348816, 93.00000071525574, 93.33333373069763, 95.00000476837158], "label": [1, 2, 3, 4, 5, 6, 7, 8, 9, 10]}, "trainEpochs": "10", "trainingTime": 71903.6999999953, "training_name": "tester_12", "epochLoss": {"loss": [69.74612474441528, 33.238255977630615, 27.025777101516724, 22.941267490386963, 19.82223689556122, 17.481164634227753, 15.500801801681519, 13.876727223396301, 12.43678629398346, 11.209812760353088], "val_loss": [44.34926509857178, 32.18427300453186, 29.595008492469788, 27.166154980659485, 22.99620658159256, 20.99774181842804, 21.804362535476685, 19.53122168779373, 18.962295353412628, 16.7858749628067], "label": [1, 2, 3, 4, 5, 6, 7, 8, 9, 10]}, "batchSize": 500, "testAccuracy": 95.72000503540039, "validationSplit": 0.01}