{"sizeOfTrainingInputs": "10000", "epochAccuracy": {"acc": [59.744447469711304, 81.8777859210968, 85.68889498710632, 87.56667375564575, 88.57777714729309, 89.94445204734802, 89.87777829170227, 90.95556139945984, 91.82222485542297, 91.88889265060425, 92.35555529594421, 93.00000071525574, 93.01112294197083, 93.44444274902344, 93.58888864517212], "val_acc": [73.70001077651978, 77.40001678466797, 79.40000891685486, 82.00001120567322, 82.50001668930054, 83.30001831054688, 83.00000429153442, 86.20001673698425, 86.10001802444458, 86.60001754760742, 87.50000596046448, 87.50001788139343, 88.20000290870667, 88.50001096725464, 88.40001225471497], "label": [1, 2, 3, 4, 5, 6, 7, 8, 9, 10, 11, 12, 13, 14, 15]}, "trainEpochs": "15", "trainingTime": 16766.99999999255, "training_name": "tester_8", "epochLoss": {"loss": [151.7120361328125, 79.8729419708252, 58.72788429260254, 49.267980456352234, 43.042659759521484, 38.15702199935913, 35.984212160110474, 33.20111930370331, 30.80495595932007, 29.902267456054688, 28.040963411331177, 26.431533694267273, 25.97745656967163, 24.200016260147095, 23.85307401418686], "val_loss": [107.68930912017822, 80.04672527313232, 67.75141954421997, 59.46800112724304, 55.49598932266235, 52.322983741760254, 50.98541975021362, 44.97667849063873, 44.612544775009155, 41.98610186576843, 40.300253033638, 39.5224928855896, 38.33439350128174, 38.66468369960785, 36.481961607933044], "label": [1, 2, 3, 4, 5, 6, 7, 8, 9, 10, 11, 12, 13, 14, 15]}, "batchSize": 1000, "testAccuracy": 92.22000241279602, "validationSplit": 0.1}