{"sizeOfTrainingInputs": "30000", "epochAccuracy": {"acc": [80.98148107528687, 90.38147926330566, 91.97778105735779, 93.07778477668762, 93.877774477005], "val_acc": [88.26667666435242, 91.36666655540466, 91.93333983421326, 92.69999861717224, 93.83333921432495], "label": [1, 2, 3, 4, 5]}, "trainEpochs": "5", "trainingTime": 21536.499999987427, "training_name": "tester_10", "epochLoss": {"loss": [74.12805557250977, 34.928098320961, 28.556165099143982, 24.457494914531708, 21.522748470306396], "val_loss": [42.793095111846924, 31.370508670806885, 27.87398397922516, 24.52453523874283, 21.387046575546265], "label": [1, 2, 3, 4, 5]}, "batchSize": 500, "testAccuracy": 94.03000473976135, "validationSplit": 0.1}