{"sizeOfTrainingInputs": "55000", "epochAccuracy": {"acc": [85.10302901268005, 92.01818108558655, 93.64647269248962, 94.81818675994873, 95.6282913684845, 96.17778658866882, 96.73132300376892, 97.1212089061737, 97.3878800868988, 97.71515130996704], "val_acc": [92.87273287773132, 94.45455074310303, 95.61818838119507, 96.29091620445251, 96.72728180885315, 97.0727264881134, 97.21818566322327, 97.34545946121216, 97.39999771118164, 97.49090671539307], "label": [1, 2, 3, 4, 5, 6, 7, 8, 9, 10]}, "trainEpochs": "10", "trainingTime": 87519.70000000438, "training_name": "tester_4", "epochLoss": {"loss": [56.603485345840454, 28.329944610595703, 22.39445447921753, 18.37214082479477, 15.458469092845917, 13.239221274852753, 11.567369103431702, 10.265359282493591, 9.098809212446213, 8.176756650209427], "val_loss": [25.699424743652344, 20.020398497581482, 16.355332732200623, 14.25458937883377, 12.401530146598816, 11.25093400478363, 10.29815524816513, 10.035696625709534, 9.300819039344788, 8.893120288848877], "label": [1, 2, 3, 4, 5, 6, 7, 8, 9, 10]}, "batchSize": 500, "testAccuracy": 97.20000624656677, "validationSplit": 0.1}