{"sizeOfTrainingInputs": "55000", "epochAccuracy": {"acc": [85.07272601127625, 91.97373986244202, 93.67879629135132, 94.8222279548645, 95.58181762695312, 96.21211886405945, 96.7191994190216, 97.05858826637268, 97.43838906288147, 97.70504832267761], "val_acc": [93.03635954856873, 94.63636875152588, 95.43637037277222, 96.12727761268616, 96.69090509414673, 96.78181409835815, 97.03636765480042, 97.21818566322327, 97.25454449653625, 97.38182425498962], "label": [1, 2, 3, 4, 5, 6, 7, 8, 9, 10]}, "trainEpochs": "10", "trainingTime": 81725.79999998561, "training_name": "tester_20", "epochLoss": {"loss": [57.12865591049194, 28.330889344215393, 22.21512198448181, 18.141987919807434, 15.230979025363922, 13.196921348571777, 11.61591112613678, 10.236451029777527, 9.152308851480484, 8.144713938236237], "val_loss": [25.958627462387085, 20.393869280815125, 16.59340262413025, 14.274995028972626, 12.154553830623627, 11.872438341379166, 10.924264788627625, 9.88827869296074, 9.638848900794983, 8.993609994649887], "label": [1, 2, 3, 4, 5, 6, 7, 8, 9, 10]}, "batchSize": 500, "testAccuracy": 97.01000452041626, "validationSplit": 0.1}