{"sizeOfTrainingInputs": "55000", "epochAccuracy": {"acc": [85.16565561294556, 92.04848408699036, 93.65455508232117, 94.7919249534607, 95.65657377243042, 96.22626900672913, 96.59192562103271, 97.09293842315674, 97.42828011512756, 97.65253067016602], "val_acc": [92.98182725906372, 94.30909752845764, 95.80000638961792, 96.47273421287537, 96.52727842330933, 96.89090847969055, 97.12727665901184, 97.29090929031372, 97.25455045700073, 97.38182425498962], "label": [1, 2, 3, 4, 5, 6, 7, 8, 9, 10]}, "trainEpochs": "10", "trainingTime": 78160.99999999278, "training_name": "tester_3", "epochLoss": {"loss": [56.56464695930481, 28.246590495109558, 22.330690920352936, 18.22562962770462, 15.390107035636902, 13.291417062282562, 11.712761968374252, 10.302284359931946, 9.214911609888077, 8.286373317241669], "val_loss": [25.92041790485382, 20.285502076148987, 15.898554027080536, 14.274995028972626, 12.608346343040466, 11.390916258096695, 10.393919795751572, 9.740698337554932, 9.132660925388336, 8.787169307470322], "label": [1, 2, 3, 4, 5, 6, 7, 8, 9, 10]}, "batchSize": 500, "testAccuracy": 97.11000323295593, "validationSplit": 0.1}