{"sizeOfTrainingInputs": "10000", "epochAccuracy": {"acc": [58.56667160987854, 81.74445033073425], "val_acc": [72.60000705718994, 76.70000791549683], "label": [1, 2]}, "trainEpochs": "2", "trainingTime": 3157.999999995809, "training_name": "tester_21", "epochLoss": {"loss": [153.46112251281738, 79.81112003326416], "val_loss": [108.11413526535034, 79.3627917766571], "label": [1, 2]}, "batchSize": 1000, "testAccuracy": 83.33000540733337, "validationSplit": 0.1}