{"sizeOfTrainingInputs": "5000", "epochAccuracy": {"acc": [63.17777633666992, 83.33333134651184, 86.84444427490234], "val_acc": [81.00000023841858, 84.60000157356262, 88.60000371932983], "label": [1, 2, 3]}, "trainEpochs": "3", "trainingTime": 2780.6999999993423, "training_name": "tester_2", "epochLoss": {"loss": [143.08326244354248, 71.80073261260986, 53.302448987960815], "val_loss": [85.03817319869995, 55.86000084877014, 44.818368554115295], "label": [1, 2, 3]}, "batchSize": 400, "testAccuracy": 87.42000460624695, "validationSplit": 0.1}