{"sizeOfTrainingInputs": "20000", "epochAccuracy": {"acc": [70.78333497047424, 86.33333444595337, 88.92778158187866, 90.52777886390686, 91.3277804851532], "val_acc": [83.1000030040741, 87.20001578330994, 88.60001564025879, 90.00000953674316, 90.35001397132874], "label": [1, 2, 3, 4, 5]}, "trainEpochs": "5", "trainingTime": 10110.899999999674, "training_name": "tester_1", "epochLoss": {"loss": [116.10605716705322, 54.52732443809509, 41.9538140296936, 35.44011414051056, 31.825023889541626], "val_loss": [67.97747015953064, 47.355201840400696, 39.75476324558258, 36.38566732406616, 33.409810066223145], "label": [1, 2, 3, 4, 5]}, "batchSize": 1000, "testAccuracy": 91.01000428199768, "validationSplit": 0.1}