{"sizeOfTrainingInputs": "30000", "epochAccuracy": {"acc": [81.39259219169617, 90.60370326042175, 92.20740795135498, 93.281489610672, 94.15926337242126], "val_acc": [89.50001001358032, 91.1666750907898, 92.29999780654907, 93.46667528152466, 93.90000700950623], "label": [1, 2, 3, 4, 5]}, "trainEpochs": "5", "trainingTime": 22501.09999999404, "training_name": "tester_11", "epochLoss": {"loss": [73.13300371170044, 34.39105451107025, 27.88965106010437, 23.958072066307068, 20.855003595352173], "val_loss": [39.16207551956177, 30.098626017570496, 26.207634806632996, 23.497427999973297, 21.13043963909149], "label": [1, 2, 3, 4, 5]}, "batchSize": 500, "testAccuracy": 94.22000646591187, "validationSplit": 0.1}