{"sizeOfTrainingInputs": "20000", "epochAccuracy": {"acc": [62.0722234249115, 80.88889122009277, 84.62777733802795, 86.80000305175781, 87.91666626930237, 89.01111483573914, 89.52777981758118, 89.99444842338562, 90.51666855812073, 90.77778458595276], "val_acc": [75.90001225471497, 82.40001201629639, 84.75000858306885, 86.5000069141388, 87.60000467300415, 88.20000886917114, 88.45000863075256, 89.10000324249268, 89.65001702308655, 89.8500144481659], "label": [1, 2, 3, 4, 5, 6, 7, 8, 9, 10]}, "trainEpochs": "10", "trainingTime": 22996.20000000141, "training_name": "x_1", "epochLoss": {"loss": [153.972327709198, 91.40439629554749, 66.30075573921204, 53.76875400543213, 46.67237997055054, 42.257505655288696, 39.324697852134705, 37.20836639404297, 35.596758127212524, 34.30188000202179], "val_loss": [113.38485479354858, 77.52709984779358, 60.34514904022217, 51.52474045753479, 45.842444896698, 42.44462549686432, 40.26399254798889, 38.59202265739441, 37.22131848335266, 36.42727434635162], "label": [1, 2, 3, 4, 5, 6, 7, 8, 9, 10]}, "batchSize": 500, "testAccuracy": 90.80000519752502, "validationSplit": 0.1}