{"sizeOfTrainingInputs": "20000", "epochAccuracy": {"acc": [62.0722234249115, 80.88889122009277, 84.62777733802795, 86.80000305175781, 87.91666626930237, 89.01111483573914, 89.52777981758118, 89.99444842338562, 90.51666855812073, 90.77778458595276, 61.561113595962524, 80.66666722297668, 84.80556011199951, 86.67778372764587, 87.98334002494812], "val_acc": [75.90001225471497, 82.40001201629639, 84.75000858306885, 86.5000069141388, 87.60000467300415, 88.20000886917114, 88.45000863075256, 89.10000324249268, 89.65001702308655, 89.8500144481659, 75.55001378059387, 82.30000138282776, 84.50000286102295, 86.25001907348633, 87.35001683235168], "label": [1, 2, 3, 4, 5, 6, 7, 8, 9, 10, 1, 2, 3, 4, 5]}, "trainEpochs": "5", "trainingTime": 14600.499999996828, "training_name": "x_2", "epochLoss": {"loss": [153.972327709198, 91.40439629554749, 66.30075573921204, 53.76875400543213, 46.67237997055054, 42.257505655288696, 39.324697852134705, 37.20836639404297, 35.596758127212524, 34.30188000202179, 154.1280746459961, 91.57864451408386, 66.51743650436401, 53.81040573120117, 46.75286412239075], "val_loss": [113.38485479354858, 77.52709984779358, 60.34514904022217, 51.52474045753479, 45.842444896698, 42.44462549686432, 40.26399254798889, 38.59202265739441, 37.22131848335266, 36.42727434635162, 113.69391679763794, 77.68248915672302, 60.69825887680054, 51.32362246513367, 46.03569209575653], "label": [1, 2, 3, 4, 5, 6, 7, 8, 9, 10, 1, 2, 3, 4, 5]}, "batchSize": 500, "testAccuracy": 89.21000361442566, "validationSplit": 0.1}