{"sizeOfTrainingInputs": "10000", "epochAccuracy": {"acc": [62.0722234249115, 80.88889122009277, 84.62777733802795, 86.80000305175781, 87.91666626930237, 89.01111483573914, 89.52777981758118, 89.99444842338562, 90.51666855812073, 90.77778458595276, 61.561113595962524, 80.66666722297668, 84.80556011199951, 86.67778372764587, 87.98334002494812, 75.38750171661377, 87.18750476837158, 89.16250467300415, 89.96250629425049, 90.82500338554382, 91.25000238418579, 91.58750176429749], "val_acc": [75.90001225471497, 82.40001201629639, 84.75000858306885, 86.5000069141388, 87.60000467300415, 88.20000886917114, 88.45000863075256, 89.10000324249268, 89.65001702308655, 89.8500144481659, 75.55001378059387, 82.30000138282776, 84.50000286102295, 86.25001907348633, 87.35001683235168, 79.80000376701355, 84.20000672340393, 86.2000048160553, 86.05000376701355, 86.45000457763672, 87.00000643730164, 87.30000257492065], "label": [1, 2, 3, 4, 5, 6, 7, 8, 9, 10, 1, 2, 3, 4, 5, 1, 2, 3, 4, 5, 6, 7]}, "trainEpochs": "7", "trainingTime": 105824.89999999962, "training_name": "x_3", "epochLoss": {"loss": [153.972327709198, 91.40439629554749, 66.30075573921204, 53.76875400543213, 46.67237997055054, 42.257505655288696, 39.324697852134705, 37.20836639404297, 35.596758127212524, 34.30188000202179, 154.1280746459961, 91.57864451408386, 66.51743650436401, 53.81040573120117, 46.75286412239075, 104.36118841171265, 50.02906322479248, 40.201595425605774, 35.91153919696808, 33.246976137161255, 31.43964409828186, 30.147740244865417], "val_loss": [113.38485479354858, 77.52709984779358, 60.34514904022217, 51.52474045753479, 45.842444896698, 42.44462549686432, 40.26399254798889, 38.59202265739441, 37.22131848335266, 36.42727434635162, 113.69391679763794, 77.68248915672302, 60.69825887680054, 51.32362246513367, 46.03569209575653, 70.43885588645935, 54.70103621482849, 49.12292659282684, 46.528440713882446, 44.65954899787903, 43.690332770347595, 42.93367266654968], "label": [1, 2, 3, 4, 5, 6, 7, 8, 9, 10, 1, 2, 3, 4, 5, 1, 2, 3, 4, 5, 6, 7]}, "batchSize": 50, "testAccuracy": 90.82000255584717, "validationSplit": 0.2}