{"sizeOfTrainingInputs": "40000", "epochAccuracy": {"acc": [61.88055872917175, 85.81944704055786, 91.0916805267334, 93.43334436416626, 94.86945867538452, 95.76389789581299, 96.19722366333008, 96.65278792381287], "val_acc": [80.12501001358032, 88.17501068115234, 91.8250024318695, 93.52501034736633, 94.37500834465027, 94.92501020431519, 95.95001339912415, 96.30001187324524], "label": [1, 2, 3, 4, 5, 6, 7, 8]}, "trainEpochs": "8", "trainingTime": 336218.5999999929, "training_name": "y_1", "epochLoss": {"loss": [130.96848726272583, 46.23865187168121, 29.825559258461, 21.623337268829346, 17.03992933034897, 13.963089883327484, 12.180913984775543, 10.82354336977005], "val_loss": [63.368505239486694, 38.46270442008972, 26.76144242286682, 21.12240493297577, 17.98667013645172, 15.905356407165527, 12.837088108062744, 12.289287894964218], "label": [1, 2, 3, 4, 5, 6, 7, 8]}, "batchSize": 500, "testAccuracy": 97.32000231742859, "validationSplit": 0.1}