{"sizeOfTrainingInputs": "10000", "epochAccuracy": {"acc": [34.09999907016754, 60.87777614593506, 74.62222576141357], "val_acc": [46.70000076293945, 61.60000562667847, 68.90000700950623], "label": [1, 2, 3]}, "trainEpochs": "3", "trainingTime": 32969.40000000177, "training_name": "y_2", "epochLoss": {"loss": [213.30173015594482, 148.04059267044067, 90.0855541229248], "val_loss": [189.56012725830078, 125.88982582092285, 93.9027726650238], "label": [1, 2, 3]}, "batchSize": 500, "testAccuracy": 78.66000533103943, "validationSplit": 0.1}