{"sizeOfTrainingInputs": "20000", "epochAccuracy": {"acc": [47.47222363948822, 76.75555348396301, 83.30000042915344, 87.1333360671997, 89.66111540794373], "val_acc": [70.40000557899475, 79.60001230239868, 85.00000238418579, 87.60000467300415, 90.15001058578491], "label": [1, 2, 3, 4, 5]}, "trainEpochs": "5", "trainingTime": 107908.40000001481, "training_name": "y_3", "epochLoss": {"loss": [179.4660449028015, 80.3043007850647, 53.254234790802, 41.86501502990723, 34.471625089645386], "val_loss": [110.54431200027466, 63.55370283126831, 48.09621274471283, 39.157307147979736, 31.841564178466797], "label": [1, 2, 3, 4, 5]}, "batchSize": 500, "testAccuracy": 91.2000060081482, "validationSplit": 0.1}