{"sizeOfTrainingInputs": "10000", "epochAccuracy": {"acc": [33.73333513736725, 61.055558919906616], "val_acc": [47.50000536441803, 60.80000400543213], "label": [1, 2]}, "trainEpochs": "2", "trainingTime": 24250.10000000475, "training_name": "y_4", "epochLoss": {"loss": [212.65192031860352, 146.8188762664795], "val_loss": [188.69000673294067, 125.55581331253052], "label": [1, 2]}, "batchSize": 500, "testAccuracy": 70.86000442504883, "validationSplit": 0.1}