{"mostParameters": {}, "numOfTrain": 8, "allAveragesAccuracies": ["90.71", "75.00", 77.65667041142781, 78.84250432252884, 68.340003490448, 62.17500319083532, 67.36000307968685, 70.88875360786915], "bestModel": {}, "numOfDesigns": 2, "averageAccuracy": 70.88875360786915, "leastParameters": {}, "allAccuracies": ["90.71", "62.09", "80.17", "82.40", "26.33", "31.35", "98.47", "95.59"], "bestAccuracy": "98.47"}