{"sizeOfTrainingInputs": "20000", "epochAccuracy": {"acc": [14.982353150844574, 23.870588839054108, 34.90588366985321], "val_acc": [13.66666704416275, 28.79999876022339, 32.233333587646484], "label": [1, 2, 3]}, "trainEpochs": "3", "trainingTime": 73533.66999999707, "training_name": "aa_1", "epochLoss": {"loss": [229.40449714660645, 216.12026691436768, 200.18510818481445], "val_loss": [222.87516593933105, 208.142352104187, 192.3655390739441], "label": [1, 2, 3]}, "batchSize": 500, "testAccuracy": 33.480000495910645, "validationSplit": 0.15}