{"sizeOfTrainingInputs": "40000", "epochAccuracy": {"acc": [86.71666979789734, 96.8250036239624, 97.85555601119995, 98.31111431121826, 98.58888983726501], "val_acc": [95.67500352859497, 97.05000519752502, 97.4500060081482, 97.30000495910645, 98.30000400543213], "label": [1, 2, 3, 4, 5]}, "trainEpochs": "5", "trainingTime": 275761.38500000525, "training_name": "cathal_1", "epochLoss": {"loss": [44.593170285224915, 10.373737663030624, 6.87284991145134, 5.408057197928429, 4.3508365750312805], "val_loss": [15.596725046634674, 9.86076220870018, 8.46586599946022, 9.134910255670547, 5.851713567972183], "label": [1, 2, 3, 4, 5]}, "batchSize": 128, "testAccuracy": 98.71000647544861, "validationSplit": 0.1}