{"sizeOfTrainingInputs": 4999, "epochAccuracy": {"acc": [28.265473246574402, 28.194868564605713], "val_acc": [31.600001454353333, 31.600001454353333], "label": [1, 2]}, "trainEpochs": "2", "trainingTime": 4847.365000000536, "training_name": "color_3", "epochLoss": {"loss": [207.80417919158936, 196.4383840560913], "val_loss": [194.4832682609558, 193.45210790634155], "label": [1, 2]}, "batchSize": 500, "testAccuracy": 25.077879428863525, "validationSplit": "15"}