{"sizeOfTrainingInputs": 4999, "epochAccuracy": {"acc": [27.7476966381073, 41.98634326457977, 47.564125061035156, 53.424328565597534], "val_acc": [41.99998676776886, 44.133320450782776, 55.733323097229004, 59.333330392837524], "label": [1, 2, 3, 4]}, "trainEpochs": "4", "trainingTime": 8752.945000000182, "training_name": "colorTest_2", "epochLoss": {"loss": [195.1004981994629, 178.50748300552368, 160.5698585510254, 141.41770601272583], "val_loss": [184.56422090530396, 167.55350828170776, 146.51477336883545, 128.7976861000061], "label": [1, 2, 3, 4]}, "batchSize": 199, "testAccuracy": 52.647972106933594, "validationSplit": "15"}