{"sizeOfTrainingInputs": "4000", "epochAccuracy": {"acc": [28.138890862464905, 28.00000011920929, 27.888888120651245, 28.194445371627808, 27.972224354743958], "val_acc": [26.499998569488525, 26.499998569488525, 26.499998569488525, 26.499998569488525, 26.499998569488525], "label": [1, 2, 3, 4, 5]}, "trainEpochs": "5", "trainingTime": 11716.700000000827, "training_name": "color_2", "epochLoss": {"loss": [198.93544912338257, 195.65929174423218, 195.45154571533203, 195.3270673751831, 195.43640613555908], "val_loss": [199.32730197906494, 199.01798963546753, 199.91213083267212, 199.83065128326416, 199.4003415107727], "label": [1, 2, 3, 4, 5]}, "batchSize": 100, "testAccuracy": 25.077879428863525, "validationSplit": "10"}