{"sizeOfTrainingInputs": "4500", "epochAccuracy": {"acc": [27.87654399871826, 27.45679020881653, 28.098765015602112, 27.802470326423645, 29.012346267700195], "val_acc": [31.999999284744263, 31.999999284744263, 31.999999284744263, 31.999999284744263, 31.999999284744263], "label": [1, 2, 3, 4, 5]}, "trainEpochs": "5", "trainingTime": 49947.854999998526, "training_name": "color_1", "epochLoss": {"loss": [198.08497428894043, 196.03580236434937, 195.6673502922058, 195.18585205078125, 193.91673803329468], "val_loss": [193.9995527267456, 192.5275683403015, 191.3285493850708, 191.0699486732483, 189.25518989562988], "label": [1, 2, 3, 4, 5]}, "batchSize": 40, "testAccuracy": 25.077879428863525, "validationSplit": "10"}