{"sizeOfTrainingInputs": "5000", "epochAccuracy": {"acc": [25.377777218818665, 32.06666707992554, 40.79999923706055, 43.24444532394409, 47.777777910232544], "val_acc": [31.200000643730164, 46.60000205039978, 38.200002908706665, 45.39999961853027, 55.59999942779541], "label": [1, 2, 3, 4, 5]}, "trainEpochs": "5", "trainingTime": 6079.969999998866, "training_name": "colorTest_1", "epochLoss": {"loss": [200.4626750946045, 187.91887760162354, 180.50813674926758, 171.08936309814453, 160.4588747024536], "val_loss": [189.23240900039673, 182.63193368911743, 172.4784016609192, 163.2158875465393, 151.93865299224854], "label": [1, 2, 3, 4, 5]}, "batchSize": 400, "testAccuracy": 47.819313406944275, "validationSplit": "10"}