{"sizeOfTrainingInputs": "30000", "epochAccuracy": {"acc": [64.7851824760437, 86.33333444595337, 89.79629278182983], "val_acc": [85.79999804496765, 88.63333463668823, 91.43333435058594], "label": [1, 2, 3]}, "trainEpochs": "3", "trainingTime": 90917.55999999805, "training_name": "demo_1", "epochLoss": {"loss": [124.30366277694702, 51.396387815475464, 36.52001917362213], "val_loss": [60.503631830215454, 39.48347568511963, 29.84476387500763], "label": [1, 2, 3]}, "batchSize": 600, "testAccuracy": 92.35000610351562, "validationSplit": 0.1}