{"sizeOfTrainingInputs": "40000", "epochAccuracy": {"acc": [72.49062657356262, 86.14062666893005, 88.58750462532043, 89.70000147819519, 90.35937786102295, 90.79062938690186], "val_acc": [83.0750048160553, 87.1375024318695, 88.51250410079956, 89.13750648498535, 89.75000381469727, 89.96250629425049], "label": [1, 2, 3, 4, 5, 6]}, "trainEpochs": "6", "trainingTime": 26935.409999990836, "training_name": "dropout_1", "epochLoss": {"loss": [119.06249523162842, 58.07473063468933, 43.77312362194061, 38.120296597480774, 35.14391481876373, 33.22452008724213], "val_loss": [74.14577603340149, 50.345051288604736, 42.54465103149414, 38.98075819015503, 36.80882155895233, 35.60054898262024], "label": [1, 2, 3, 4, 5, 6]}, "batchSize": 400, "testAccuracy": 91.3800060749054, "validationSplit": 0.2}