{"sizeOfTrainingInputs": "55000", "epochAccuracy": {"acc": [66.88686609268188, 83.20000171661377, 86.72929406166077, 88.40808272361755, 89.4626259803772], "val_acc": [84.45455431938171, 89.01818990707397, 90.6909167766571, 91.38181805610657, 91.89091324806213], "label": [1, 2, 3, 4, 5]}, "trainEpochs": "5", "trainingTime": 17542.914999998175, "training_name": "drop1_1", "epochLoss": {"loss": [138.91693353652954, 73.64109754562378, 52.83747911453247, 43.94936561584473, 39.341166615486145], "val_loss": [84.40428376197815, 51.398247480392456, 39.03908729553223, 33.701735734939575, 30.527830123901367], "label": [1, 2, 3, 4, 5]}, "batchSize": 1000, "testAccuracy": 90.70000648498535, "validationSplit": 0.1}