{"sizeOfTrainingInputs": "40000", "epochAccuracy": {"acc": [73.18055629730225, 91.73611402511597, 95.26111483573914], "val_acc": [88.30000162124634, 91.45000576972961, 95.80000638961792], "label": [1, 2, 3]}, "trainEpochs": "3", "trainingTime": 367610.7349999952, "training_name": "handwrittenDigits_2", "epochLoss": {"loss": [89.838707447052, 27.367159724235535, 16.06641709804535], "val_loss": [39.958834648132324, 26.5419602394104, 13.901932537555695], "label": [1, 2, 3]}, "batchSize": 600, "testAccuracy": 96.96000218391418, "validationSplit": 0.1}