{"sizeOfTrainingInputs": "55000", "epochAccuracy": {"acc": [90.34010767936707, 97.6021409034729, 98.32513928413391, 98.68449568748474, 98.97540211677551], "val_acc": [97.6121187210083, 98.16969633102417, 98.49696755409241, 98.77575635910034, 98.70303273200989], "label": [1, 2, 3, 4, 5]}, "trainEpochs": "5", "trainingTime": 508182.22499999683, "training_name": "handwrittenDigits_1", "epochLoss": {"loss": [32.037538290023804, 7.81225860118866, 5.394598096609116, 4.140489548444748, 3.3541884273290634], "val_loss": [8.115505427122116, 6.528701633214951, 5.247222259640694, 4.520966857671738, 4.732053726911545], "label": [1, 2, 3, 4, 5]}, "batchSize": 128, "testAccuracy": 98.93000721931458, "validationSplit": 0.15}