{"sizeOfTrainingInputs": "10000", "epochAccuracy": {"acc": [63.80000114440918, 82.4222207069397, 87.07777857780457], "val_acc": [73.90000820159912, 78.9000153541565, 82.30000734329224], "label": [1, 2, 3]}, "trainEpochs": "3", "trainingTime": 26975.100000003295, "training_name": "q_1", "epochLoss": {"loss": [139.44928646087646, 65.07301926612854, 47.31328785419464], "val_loss": [90.41182398796082, 69.70662474632263, 56.86763525009155], "label": [1, 2, 3]}, "batchSize": 1000, "testAccuracy": 88.44000697135925, "validationSplit": 0.1}