{"sizeOfTrainingInputs": 5500, "epochAccuracy": {"acc": [39.07070457935333, 64.86868262290955, 72.80808091163635], "val_acc": [60.90909242630005, 73.45454692840576, 77.4545431137085], "label": [1, 2, 3]}, "trainEpochs": "3", "trainingTime": 3145.570000007865, "training_name": "qq_1", "epochLoss": {"loss": [196.36167287826538, 152.8630018234253, 128.1807541847229], "val_loss": [163.19408416748047, 132.46874809265137, 111.93965673446655], "label": [1, 2, 3]}, "batchSize": 500, "testAccuracy": 74.61000084877014, "validationSplit": 0.1}