{"sizeOfTrainingInputs": "500", "epochAccuracy": {"acc": [43.33333373069763, 73.77777695655823, 81.33333325386047, 85.55555939674377], "val_acc": [75.99999904632568, 79.99999523162842, 85.999995470047, 89.99999761581421], "label": [1, 2, 3, 4]}, "trainEpochs": "4", "trainingTime": 9629.789999991772, "training_name": "qq_2", "epochLoss": {"loss": [181.6431760787964, 117.30096340179443, 86.19021773338318, 68.10598373413086], "val_loss": [131.25358819961548, 92.94762015342712, 72.37957119941711, 59.58206653594971], "label": [1, 2, 3, 4]}, "batchSize": 10, "testAccuracy": 80.44000267982483, "validationSplit": 0.1}