{"sizeOfTrainingInputs": "10000", "epochAccuracy": {"acc": [53.32221984863281, 75.80000162124634, 80.8555543422699], "val_acc": [63.50000500679016, 71.50000333786011, 74.60000514984131], "label": [1, 2, 3]}, "trainEpochs": "3", "trainingTime": 4510.009999998147, "training_name": "qq_3", "epochLoss": {"loss": [171.6160774230957, 114.51596021652222, 87.03885674476624], "val_loss": [143.52378845214844, 110.81326007843018, 91.61995649337769], "label": [1, 2, 3]}, "batchSize": 400, "testAccuracy": 82.84000158309937, "validationSplit": 0.1}