{"sizeOfTrainingInputs": "10000", "epochAccuracy": {"acc": [37.696969509124756, 64.74747657775879, 72.33333587646484, 76.39394402503967], "val_acc": [65.99999666213989, 75, 79.99998927116394, 80.99998831748962], "label": [1, 2, 3, 4]}, "trainEpochs": "4", "trainingTime": 3460.7250000117347, "training_name": "qq_4", "epochLoss": {"loss": [196.7141032218933, 152.79974937438965, 127.94893980026245, 110.1470947265625], "val_loss": [164.7086262702942, 135.885751247406, 114.91172313690186, 99.10050630569458], "label": [1, 2, 3, 4]}, "batchSize": 1000, "testAccuracy": 79.69000339508057, "validationSplit": 0.01}