{"sizeOfTrainingInputs": "5000", "epochAccuracy": {"acc": [60.40000319480896, 80.22222518920898, 84.44444537162781, 86.644446849823, 88.06666731834412], "val_acc": [80.80000281333923, 84.40000414848328, 86.2000048160553, 87.00000047683716, 88.00000548362732], "label": [1, 2, 3, 4, 5]}, "trainEpochs": "5", "trainingTime": 12137.449999994831, "training_name": "qq_5", "epochLoss": {"loss": [154.56677675247192, 91.26549363136292, 66.95919632911682, 54.74613308906555, 47.81404733657837], "val_loss": [104.38618659973145, 69.22712922096252, 53.811752796173096, 46.13503813743591, 41.57286584377289], "label": [1, 2, 3, 4, 5]}, "batchSize": 100, "testAccuracy": 88.22000622749329, "validationSplit": 0.1}