{"sizeOfTrainingInputs": "5000", "epochAccuracy": {"acc": [60.600000619888306, 80.08888959884644, 84.24444794654846, 87.0888888835907], "val_acc": [79.80000376701355, 83.20000171661377, 86.59999966621399, 89.20000195503235], "label": [1, 2, 3, 4]}, "trainEpochs": "4", "trainingTime": 10522.864999991725, "training_name": "qq_6", "epochLoss": {"loss": [153.3505916595459, 90.68341851234436, 66.53857827186584, 54.73865866661072], "val_loss": [103.93592119216919, 69.08203363418579, 54.294031858444214, 46.02338373661041], "label": [1, 2, 3, 4]}, "batchSize": 100, "testAccuracy": 87.70000338554382, "validationSplit": 0.1}