{"sizeOfTrainingInputs": "30000", "epochAccuracy": {"acc": [81.1296284198761, 89.49258923530579, 90.6333327293396, 91.2407398223877], "val_acc": [88.16666603088379, 89.93332982063293, 90.73333144187927, 90.89999794960022], "label": [1, 2, 3, 4]}, "trainEpochs": "4", "trainingTime": 57215.95500000694, "training_name": "qq_7", "epochLoss": {"loss": [78.36024761199951, 39.30474519729614, 34.19470191001892, 31.892508268356323], "val_loss": [44.51592266559601, 35.7634961605072, 33.036449551582336, 31.281903386116028], "label": [1, 2, 3, 4]}, "batchSize": 100, "testAccuracy": 91.67000651359558, "validationSplit": 0.1}