{"sizeOfTrainingInputs": "10000", "epochAccuracy": {"acc": [55.80000281333923, 77.71250605583191, 82.23750591278076, 84.73750352859497, 86.37500405311584, 87.62500286102295, 88.47500681877136, 89.07500505447388, 89.56250548362732, 89.88750576972961], "val_acc": [69.40000057220459, 75.05000233650208, 77.95000076293945, 80.35000562667847, 82.00000524520874, 83.1000030040741, 83.65000486373901, 84.85000133514404, 85.25000214576721, 85.50000190734863], "label": [1, 2, 3, 4, 5, 6, 7, 8, 9, 10]}, "trainEpochs": "10", "trainingTime": 16101.704999993672, "training_name": "qq_8", "epochLoss": {"loss": [166.51687622070312, 107.48218297958374, 80.43714165687561, 65.1926040649414, 55.753517150878906, 49.51563775539398, 45.30223608016968, 42.229875922203064, 39.82692062854767, 37.909236550331116], "val_loss": [133.3040475845337, 99.36091899871826, 81.2949538230896, 69.92606520652771, 62.8565788269043, 58.5906982421875, 55.208951234817505, 52.36372947692871, 50.44530630111694, 48.90340268611908], "label": [1, 2, 3, 4, 5, 6, 7, 8, 9, 10]}, "batchSize": 300, "testAccuracy": 89.91000652313232, "validationSplit": 0.2}