{"sizeOfTrainingInputs": "20000", "epochAccuracy": {"acc": [50.39375424385071, 75.36875605583191, 81.23125433921814, 84.312504529953], "val_acc": [68.4000015258789, 77.7750015258789, 82.07500576972961, 84.50000286102295], "label": [1, 2, 3, 4]}, "trainEpochs": "4", "trainingTime": 17337.4150000019, "training_name": "qqq_2", "epochLoss": {"loss": [180.20894527435303, 126.60000324249268, 98.64236116409302, 80.1286518573761], "val_loss": [146.7416763305664, 110.82181930541992, 88.8934075832367, 73.59827756881714], "label": [1, 2, 3, 4]}, "batchSize": 200, "testAccuracy": 86.63000464439392, "validationSplit": 0.2}