{"sizeOfTrainingInputs": "40000", "epochAccuracy": {"acc": [46.0833340883255, 72.82916307449341, 79.50833439826965, 83.28333497047424], "val_acc": [67.33125448226929, 76.70625448226929, 81.53125643730164, 84.0250015258789], "label": [1, 2, 3, 4]}, "trainEpochs": "4", "trainingTime": 13487.3399999924, "training_name": "qqq_3", "epochLoss": {"loss": [187.23520040512085, 136.54394149780273, 108.52299928665161, 89.68954086303711], "val_loss": [156.9723129272461, 122.00229167938232, 99.97949600219727, 84.08566117286682], "label": [1, 2, 3, 4]}, "batchSize": 400, "testAccuracy": 85.89000701904297, "validationSplit": 0.4}