{"sizeOfTrainingInputs": "4000", "epochAccuracy": {"acc": [31.638890504837036, 63.38889002799988, 71.05555534362793, 76.11111402511597, 79.19444441795349], "val_acc": [47.74999916553497, 57.499998807907104, 62.25000023841858, 65.749990940094, 69.49999928474426], "label": [1, 2, 3, 4, 5]}, "trainEpochs": "5", "trainingTime": 11619.329999986803, "training_name": "qqq_7", "epochLoss": {"loss": [205.66730499267578, 167.6514744758606, 143.81697177886963, 126.62985324859619, 113.29532861709595], "val_loss": [185.24444103240967, 159.68559980392456, 142.21142530441284, 129.26326990127563, 118.97690296173096], "label": [1, 2, 3, 4, 5]}, "batchSize": 100, "testAccuracy": 78.42000126838684, "validationSplit": 0.1}