{"sizeOfTrainingInputs": "55000", "epochAccuracy": {"acc": [56.27070665359497, 79.4141411781311, 84.65858697891235, 87.1696949005127, 88.57172727584839, 89.47070837020874, 90.13737440109253, 90.65455198287964, 91.1070704460144, 91.54141545295715], "val_acc": [78.61818671226501, 86.98181509971619, 89.23637270927429, 90.54546356201172, 91.45454168319702, 92.07272529602051, 92.61819124221802, 92.78181791305542, 93.12726855278015, 93.36364269256592], "label": [1, 2, 3, 4, 5, 6, 7, 8, 9, 10]}, "trainEpochs": "10", "trainingTime": 59879.54999999702, "training_name": "qqq_1", "epochLoss": {"loss": [169.3680763244629, 109.09185409545898, 80.36388158798218, 63.15658092498779, 52.10508704185486, 44.78674530982971, 39.76280391216278, 36.201637983322144, 33.54262411594391, 31.458237767219543], "val_loss": [125.01124143600464, 85.64866781234741, 63.49012851715088, 49.941813945770264, 41.268590092659, 35.519418120384216, 31.666299700737, 28.940439224243164, 26.858600974082947, 25.219622254371643], "label": [1, 2, 3, 4, 5, 6, 7, 8, 9, 10]}, "batchSize": 500, "testAccuracy": 92.16000437736511, "validationSplit": 0.1}