{"sizeOfTrainingInputs": "55000", "epochAccuracy": {"acc": [26.1696994304657, 60.41010618209839, 69.68686580657959, 74.30909276008606, 77.9272735118866, 80.30707836151123, 82.15959668159485, 83.6404025554657], "val_acc": [52.163636684417725, 70.52727341651917, 76.25454068183899, 80.52728176116943, 83.19999575614929, 85.38182377815247, 86.96363568305969, 88.0545437335968], "label": [1, 2, 3, 4, 5, 6, 7, 8]}, "trainEpochs": "8", "trainingTime": 15572.48499999696, "training_name": "qqq_5", "epochLoss": {"loss": [208.69135856628418, 172.77584075927734, 149.59739446640015, 132.08824396133423, 118.12868118286133, 106.69881105422974, 97.12370038032532, 88.9995276927948], "val_loss": [183.38897228240967, 155.51501512527466, 135.07285118103027, 119.181227684021, 106.2071681022644, 95.53439021110535, 86.48604154586792, 78.82528901100159], "label": [1, 2, 3, 4, 5, 6, 7, 8]}, "batchSize": 2000, "testAccuracy": 85.78000664710999, "validationSplit": 0.1}