{"sizeOfTrainingInputs": "40000", "epochAccuracy": {"acc": [53.958332538604736, 77.60000228881836, 83.68889093399048, 86.50000095367432, 87.98611164093018, 89.09167051315308, 89.76389169692993, 90.29722213745117, 90.88611006736755, 91.21666550636292, 91.63888692855835], "val_acc": [72.55000472068787, 81.92500472068787, 84.85000133514404, 86.95000410079956, 88.27500343322754, 88.75000476837158, 89.42500352859497, 90.00000357627869, 90.40000438690186, 90.9000039100647, 91.02500677108765], "label": [1, 2, 3, 4, 5, 6, 7, 8, 9, 10, 11]}, "trainEpochs": "15", "trainingTime": 57857.500000012806, "training_name": "qqq_9", "epochLoss": {"loss": [174.60508346557617, 116.30910634994507, 87.24639415740967, 69.19564008712769, 57.293182611465454, 49.089595675468445, 43.282124400138855, 39.05874192714691, 35.903263092041016, 33.435848355293274, 31.496965885162354], "val_loss": [138.37971687316895, 100.63924789428711, 78.23454737663269, 64.00957703590393, 54.378992319107056, 47.75935709476471, 42.78121590614319, 39.31204974651337, 36.71541512012482, 34.710344672203064, 33.19634795188904], "label": [1, 2, 3, 4, 5, 6, 7, 8, 9, 10, 11]}, "batchSize": 400, "testAccuracy": 92.03000664710999, "validationSplit": 0.1}