{"sizeOfTrainingInputs": "10000", "epochAccuracy": {"acc": [11.312500387430191, 14.97500091791153, 22.425001859664917, 29.500001668930054, 37.37500309944153, 44.86250281333923], "val_acc": [12.250000238418579, 18.20000261068344, 24.20000284910202, 30.950000882148743, 37.75000274181366, 44.20000612735748], "label": [1, 2, 3, 4, 5, 6]}, "trainEpochs": "6", "trainingTime": 3579.4200000091223, "training_name": "qqq_4", "epochLoss": {"loss": [234.86480712890625, 218.40064525604248, 209.01827812194824, 201.55389308929443, 195.05428075790405, 189.15334939956665], "val_loss": [223.6095428466797, 213.51828575134277, 206.02149963378906, 199.62410926818848, 193.89859437942505, 188.6729121208191], "label": [1, 2, 3, 4, 5, 6]}, "batchSize": 2000, "testAccuracy": 45.85000276565552, "validationSplit": 0.2}