{"sizeOfTrainingInputs": "40000", "epochAccuracy": {"acc": [49.74444508552551, 75.42222142219543, 81.71389102935791, 85.00000238418579, 86.9527816772461, 88.07777762413025, 89.03056383132935, 89.63055610656738, 90.1222288608551, 90.5138909816742], "val_acc": [71.02500200271606, 79.625004529953, 83.55001211166382, 85.80000400543213, 87.27500438690186, 88.22501301765442, 88.65000605583191, 89.2500102519989, 89.77500796318054, 90.12501239776611], "label": [1, 2, 3, 4, 5, 6, 7, 8, 9, 10]}, "trainEpochs": "10", "trainingTime": 48505.70500000322, "training_name": "qqq_8", "epochLoss": {"loss": [181.26941919326782, 126.22815370559692, 97.39278554916382, 78.84525060653687, 65.90539813041687, 56.51712417602539, 49.609994888305664, 44.505953788757324, 40.58714210987091, 37.530720233917236], "val_loss": [147.41103649139404, 110.6879472732544, 88.36951851844788, 73.16967844963074, 62.27205991744995, 54.37028408050537, 48.55348467826843, 44.172242283821106, 40.91735482215881, 38.3736252784729], "label": [1, 2, 3, 4, 5, 6, 7, 8, 9, 10]}, "batchSize": 500, "testAccuracy": 91.18000268936157, "validationSplit": 0.1}