{"sizeOfTrainingInputs": "30000", "epochAccuracy": {"acc": [68.31851601600647, 85.94444394111633, 88.9370322227478], "val_acc": [81.99999928474426, 87.90000081062317, 89.46666717529297], "label": [1, 2, 3]}, "trainEpochs": "3", "trainingTime": 45589.72000000358, "training_name": "qqq_6", "epochLoss": {"loss": [137.28612661361694, 71.0789144039154, 49.01836812496185], "val_loss": [91.40880703926086, 56.853264570236206, 42.793822288513184], "label": [1, 2, 3]}, "batchSize": 100, "testAccuracy": 90.47000408172607, "validationSplit": 0.1}