{"sizeOfTrainingInputs": "30000", "epochAccuracy": {"acc": [66.40000343322754, 84.63921546936035, 87.65490651130676, 89.12549018859863, 89.89412188529968, 90.45098423957825, 90.92941284179688, 91.20000004768372, 91.52157306671143, 91.67843461036682, 91.77647233009338], "val_acc": [80.75555562973022, 85.8222246170044, 87.24444508552551, 88.20000290870667, 89.15555477142334, 89.53333497047424, 89.95555639266968, 90.13333320617676, 90.11111259460449, 90.35555720329285, 90.2222216129303], "label": [1, 2, 3, 4, 5, 6, 7, 8, 9, 10, 11]}, "trainEpochs": "15", "trainingTime": 40597.39999999874, "training_name": "russell_1", "epochLoss": {"loss": [136.3106608390808, 67.55908727645874, 49.02334809303284, 41.56903326511383, 37.61317431926727, 35.1811408996582, 33.50682556629181, 32.308605313301086, 31.383252143859863, 30.63502311706543, 30.00028133392334], "val_loss": [89.69335556030273, 58.28508734703064, 47.511398792266846, 42.29966104030609, 39.49019014835358, 37.739044427871704, 36.381807923316956, 35.55635213851929, 34.80694890022278, 34.23868119716644, 33.953145146369934], "label": [1, 2, 3, 4, 5, 6, 7, 8, 9, 10, 11]}, "batchSize": 400, "testAccuracy": 91.73000454902649, "validationSplit": 0.15}