{"sizeOfTrainingInputs": "40000", "epochAccuracy": {"acc": [79.91389036178589, 90.15555381774902], "val_acc": [87.30000257492065, 90.25000333786011], "label": [1, 2]}, "trainEpochs": "5", "trainingTime": 48913.60000001441, "training_name": "tes_1", "epochLoss": {"loss": [88.9263927936554, 33.91681611537933], "val_loss": [45.203787088394165, 31.6969096660614], "label": [1, 2]}, "batchSize": 400, "testAccuracy": 91.72000288963318, "validationSplit": 0.1}