{"sizeOfTrainingInputs": "30000", "epochAccuracy": {"acc": [67.07037091255188, 83.91110897064209, 87.08518147468567, 88.66297006607056, 89.58147764205933, 90.14444351196289, 90.5296266078949, 90.89630246162415, 91.11111760139465], "val_acc": [80.36666512489319, 86.33334040641785, 88.40000629425049, 89.3333375453949, 90.06666541099548, 90.26666283607483, 90.46666622161865, 90.70000648498535, 90.9333348274231], "label": [1, 2, 3, 4, 5, 6, 7, 8, 9]}, "trainEpochs": "9", "trainingTime": 27104.93499999575, "training_name": "tester1_1", "epochLoss": {"loss": [139.10516500473022, 73.05644154548645, 52.63117551803589, 44.00443732738495, 39.46787118911743, 36.73485815525055, 34.878188371658325, 33.53312611579895, 32.49027729034424], "val_loss": [92.4509584903717, 59.47958827018738, 47.01200723648071, 41.10684096813202, 37.84579634666443, 35.86249649524689, 34.54993963241577, 33.38015377521515, 32.65959918498993], "label": [1, 2, 3, 4, 5, 6, 7, 8, 9]}, "batchSize": 500, "testAccuracy": 91.52000546455383, "validationSplit": 0.1}