{"sizeOfTrainingInputs": "30000", "epochAccuracy": {"acc": [66.97036623954773, 83.76296162605286, 87.11481094360352, 88.6888861656189, 89.55925703048706, 90.17036557197571, 90.5740737915039, 90.98148941993713, 91.17778539657593, 91.3888931274414, 91.52592420578003, 91.65555834770203, 91.825932264328, 91.90741181373596, 91.90741181373596], "val_acc": [80.73334097862244, 86.13333106040955, 88.50000500679016, 89.43334221839905, 90.10000824928284, 90.20000100135803, 90.46666622161865, 90.56666493415833, 90.76666831970215, 90.79999923706055, 91.06667637825012, 91.23333096504211, 91.2000060081482, 91.33332967758179, 91.36667251586914], "label": [1, 2, 3, 4, 5, 6, 7, 8, 9, 10, 11, 12, 13, 14, 15]}, "trainEpochs": "15", "trainingTime": 49147.01000000059, "training_name": "tester1_2", "epochLoss": {"loss": [139.37065601348877, 72.97834753990173, 52.66634225845337, 44.054728746414185, 39.532750844955444, 36.75290048122406, 34.88928973674774, 33.52181315422058, 32.53338932991028, 31.684088706970215, 31.027209758758545, 30.46436309814453, 29.981529712677002, 29.54367697238922, 29.176655411720276], "val_loss": [92.28329062461853, 59.68514680862427, 47.044116258621216, 41.239988803863525, 37.948110699653625, 35.81015169620514, 34.411340951919556, 33.4365576505661, 32.6219916343689, 31.99758529663086, 31.476765871047974, 31.039893627166748, 30.644381046295166, 30.344590544700623, 30.152004957199097], "label": [1, 2, 3, 4, 5, 6, 7, 8, 9, 10, 11, 12, 13, 14, 15]}, "batchSize": 500, "testAccuracy": 92.08000302314758, "validationSplit": 0.1}